family,label,n_qubits,initial,depth,target_observable,noise_model,p_x,p_z,p_readout,realistic,decoder,seed,trials,failures,logical_failure_rate,logical_failure_ci_low,logical_failure_ci_high,syndrome_rate,retained_fraction,decoder_runtime_ms
dla_parity,n4_even_signal,4,0011,6,parity_survival,ideal,0.0,0.0,0.0,False,unencoded_physical,0,160,0,0.0,0.0,0.0,0.0,1.0,0.4794290289282799
dla_parity,n4_even_signal,4,0011,6,parity_survival,ideal,0.0,0.0,0.0,False,unencoded_physical,1,160,0,0.0,0.0,0.0,0.0,1.0,0.46553811989724636
dla_parity,n4_even_signal,4,0011,6,parity_survival,ideal,0.0,0.0,0.0,False,unencoded_physical,2,160,0,0.0,0.0,0.0,0.0,1.0,0.46637794002890587
dla_parity,n4_even_signal,4,0011,6,parity_survival,ideal,0.0,0.0,0.0,False,unencoded_physical,3,160,0,0.0,0.0,0.0,0.0,1.0,0.5149249918758869
dla_parity,n4_even_signal,4,0011,6,parity_survival,ideal,0.0,0.0,0.0,False,unencoded_physical,4,160,0,0.0,0.0,0.0,0.0,1.0,0.4714350216090679
dla_parity,n4_even_signal,4,0011,6,parity_survival,ideal,0.0,0.0,0.0,False,unencoded_physical,5,160,0,0.0,0.0,0.0,0.0,1.0,0.4501070361584425
dla_parity,n4_even_signal,4,0011,6,parity_survival,ideal,0.0,0.0,0.0,False,unencoded_physical,6,160,0,0.0,0.0,0.0,0.0,1.0,0.4440059419721365
dla_parity,n4_even_signal,4,0011,6,parity_survival,ideal,0.0,0.0,0.0,False,unencoded_physical,7,160,0,0.0,0.0,0.0,0.0,1.0,0.45384117402136326
dla_parity,n4_even_signal,4,0011,6,parity_survival,ideal,0.0,0.0,0.0,False,unencoded_physical,8,160,0,0.0,0.0,0.0,0.0,1.0,0.44708698987960815
dla_parity,n4_even_signal,4,0011,6,parity_survival,ideal,0.0,0.0,0.0,False,unencoded_physical,9,160,0,0.0,0.0,0.0,0.0,1.0,0.4547338467091322
dla_parity,n4_even_signal,4,0011,6,parity_survival,ideal,0.0,0.0,0.0,False,unencoded_physical,10,160,0,0.0,0.0,0.0,0.0,1.0,0.44771493412554264
dla_parity,n4_even_signal,4,0011,6,parity_survival,ideal,0.0,0.0,0.0,False,unencoded_physical,11,160,0,0.0,0.0,0.0,0.0,1.0,0.46008918434381485
dla_parity,n4_even_signal,4,0011,6,parity_survival,ideal,0.0,0.0,0.0,False,unencoded_physical,12,160,0,0.0,0.0,0.0,0.0,1.0,0.6095231510698795
dla_parity,n4_even_signal,4,0011,6,parity_survival,ideal,0.0,0.0,0.0,False,unencoded_physical,13,160,0,0.0,0.0,0.0,0.0,1.0,0.881711021065712
dla_parity,n4_even_signal,4,0011,6,parity_survival,ideal,0.0,0.0,0.0,False,unencoded_physical,14,160,0,0.0,0.0,0.0,0.0,1.0,0.9567050728946924
dla_parity,n4_even_signal,4,0011,6,parity_survival,ideal,0.0,0.0,0.0,False,unencoded_physical,15,160,0,0.0,0.0,0.0,0.0,1.0,0.9209141135215759
dla_parity,n4_even_signal,4,0011,6,parity_survival,ideal,0.0,0.0,0.0,False,unencoded_physical,16,160,0,0.0,0.0,0.0,0.0,1.0,0.8698140736669302
dla_parity,n4_even_signal,4,0011,6,parity_survival,ideal,0.0,0.0,0.0,False,unencoded_physical,17,160,0,0.0,0.0,0.0,0.0,1.0,0.9089058730751276
dla_parity,n4_even_signal,4,0011,6,parity_survival,ideal,0.0,0.0,0.0,False,unencoded_physical,18,160,0,0.0,0.0,0.0,0.0,1.0,0.8616140112280846
dla_parity,n4_even_signal,4,0011,6,parity_survival,ideal,0.0,0.0,0.0,False,unencoded_physical,19,160,0,0.0,0.0,0.0,0.0,1.0,0.8546467870473862
dla_parity,n4_even_signal,4,0011,6,parity_survival,ideal,0.0,0.0,0.0,False,standard_mwpm,0,160,0,0.0,0.0,0.0,0.0,1.0,8.18918482400477
dla_parity,n4_even_signal,4,0011,6,parity_survival,ideal,0.0,0.0,0.0,False,standard_mwpm,1,160,0,0.0,0.0,0.0,0.0,1.0,5.407803924754262
dla_parity,n4_even_signal,4,0011,6,parity_survival,ideal,0.0,0.0,0.0,False,standard_mwpm,2,160,0,0.0,0.0,0.0,0.0,1.0,4.698884906247258
dla_parity,n4_even_signal,4,0011,6,parity_survival,ideal,0.0,0.0,0.0,False,standard_mwpm,3,160,0,0.0,0.0,0.0,0.0,1.0,4.761304939165711
dla_parity,n4_even_signal,4,0011,6,parity_survival,ideal,0.0,0.0,0.0,False,standard_mwpm,4,160,0,0.0,0.0,0.0,0.0,1.0,4.5019639655947685
dla_parity,n4_even_signal,4,0011,6,parity_survival,ideal,0.0,0.0,0.0,False,standard_mwpm,5,160,0,0.0,0.0,0.0,0.0,1.0,4.539990797638893
dla_parity,n4_even_signal,4,0011,6,parity_survival,ideal,0.0,0.0,0.0,False,standard_mwpm,6,160,0,0.0,0.0,0.0,0.0,1.0,4.229733953252435
dla_parity,n4_even_signal,4,0011,6,parity_survival,ideal,0.0,0.0,0.0,False,standard_mwpm,7,160,0,0.0,0.0,0.0,0.0,1.0,4.241112153977156
dla_parity,n4_even_signal,4,0011,6,parity_survival,ideal,0.0,0.0,0.0,False,standard_mwpm,8,160,0,0.0,0.0,0.0,0.0,1.0,4.4208799954503775
dla_parity,n4_even_signal,4,0011,6,parity_survival,ideal,0.0,0.0,0.0,False,standard_mwpm,9,160,0,0.0,0.0,0.0,0.0,1.0,4.764545941725373
dla_parity,n4_even_signal,4,0011,6,parity_survival,ideal,0.0,0.0,0.0,False,standard_mwpm,10,160,0,0.0,0.0,0.0,0.0,1.0,5.9752080123871565
dla_parity,n4_even_signal,4,0011,6,parity_survival,ideal,0.0,0.0,0.0,False,standard_mwpm,11,160,0,0.0,0.0,0.0,0.0,1.0,6.531490013003349
dla_parity,n4_even_signal,4,0011,6,parity_survival,ideal,0.0,0.0,0.0,False,standard_mwpm,12,160,0,0.0,0.0,0.0,0.0,1.0,4.935538861900568
dla_parity,n4_even_signal,4,0011,6,parity_survival,ideal,0.0,0.0,0.0,False,standard_mwpm,13,160,0,0.0,0.0,0.0,0.0,1.0,5.920231807976961
dla_parity,n4_even_signal,4,0011,6,parity_survival,ideal,0.0,0.0,0.0,False,standard_mwpm,14,160,0,0.0,0.0,0.0,0.0,1.0,7.193173049017787
dla_parity,n4_even_signal,4,0011,6,parity_survival,ideal,0.0,0.0,0.0,False,standard_mwpm,15,160,0,0.0,0.0,0.0,0.0,1.0,5.578457145020366
dla_parity,n4_even_signal,4,0011,6,parity_survival,ideal,0.0,0.0,0.0,False,standard_mwpm,16,160,0,0.0,0.0,0.0,0.0,1.0,6.888690870255232
dla_parity,n4_even_signal,4,0011,6,parity_survival,ideal,0.0,0.0,0.0,False,standard_mwpm,17,160,0,0.0,0.0,0.0,0.0,1.0,9.921614080667496
dla_parity,n4_even_signal,4,0011,6,parity_survival,ideal,0.0,0.0,0.0,False,standard_mwpm,18,160,0,0.0,0.0,0.0,0.0,1.0,8.608418982475996
dla_parity,n4_even_signal,4,0011,6,parity_survival,ideal,0.0,0.0,0.0,False,standard_mwpm,19,160,0,0.0,0.0,0.0,0.0,1.0,6.126426858827472
dla_parity,n4_even_signal,4,0011,6,parity_survival,ideal,0.0,0.0,0.0,False,physics_aware_mwpm,0,160,0,0.0,0.0,0.0,0.0,1.0,7.785556139424443
dla_parity,n4_even_signal,4,0011,6,parity_survival,ideal,0.0,0.0,0.0,False,physics_aware_mwpm,1,160,0,0.0,0.0,0.0,0.0,1.0,9.176504099741578
dla_parity,n4_even_signal,4,0011,6,parity_survival,ideal,0.0,0.0,0.0,False,physics_aware_mwpm,2,160,0,0.0,0.0,0.0,0.0,1.0,8.41267197392881
dla_parity,n4_even_signal,4,0011,6,parity_survival,ideal,0.0,0.0,0.0,False,physics_aware_mwpm,3,160,0,0.0,0.0,0.0,0.0,1.0,7.547185989096761
dla_parity,n4_even_signal,4,0011,6,parity_survival,ideal,0.0,0.0,0.0,False,physics_aware_mwpm,4,160,0,0.0,0.0,0.0,0.0,1.0,5.05187688395381
dla_parity,n4_even_signal,4,0011,6,parity_survival,ideal,0.0,0.0,0.0,False,physics_aware_mwpm,5,160,0,0.0,0.0,0.0,0.0,1.0,8.392954943701625
dla_parity,n4_even_signal,4,0011,6,parity_survival,ideal,0.0,0.0,0.0,False,physics_aware_mwpm,6,160,0,0.0,0.0,0.0,0.0,1.0,6.582285976037383
dla_parity,n4_even_signal,4,0011,6,parity_survival,ideal,0.0,0.0,0.0,False,physics_aware_mwpm,7,160,0,0.0,0.0,0.0,0.0,1.0,7.496770936995745
dla_parity,n4_even_signal,4,0011,6,parity_survival,ideal,0.0,0.0,0.0,False,physics_aware_mwpm,8,160,0,0.0,0.0,0.0,0.0,1.0,5.282554076984525
dla_parity,n4_even_signal,4,0011,6,parity_survival,ideal,0.0,0.0,0.0,False,physics_aware_mwpm,9,160,0,0.0,0.0,0.0,0.0,1.0,4.963793093338609
dla_parity,n4_even_signal,4,0011,6,parity_survival,ideal,0.0,0.0,0.0,False,physics_aware_mwpm,10,160,0,0.0,0.0,0.0,0.0,1.0,4.718545125797391
dla_parity,n4_even_signal,4,0011,6,parity_survival,ideal,0.0,0.0,0.0,False,physics_aware_mwpm,11,160,0,0.0,0.0,0.0,0.0,1.0,4.736101953312755
dla_parity,n4_even_signal,4,0011,6,parity_survival,ideal,0.0,0.0,0.0,False,physics_aware_mwpm,12,160,0,0.0,0.0,0.0,0.0,1.0,4.365344997495413
dla_parity,n4_even_signal,4,0011,6,parity_survival,ideal,0.0,0.0,0.0,False,physics_aware_mwpm,13,160,0,0.0,0.0,0.0,0.0,1.0,4.476926987990737
dla_parity,n4_even_signal,4,0011,6,parity_survival,ideal,0.0,0.0,0.0,False,physics_aware_mwpm,14,160,0,0.0,0.0,0.0,0.0,1.0,4.359394079074264
dla_parity,n4_even_signal,4,0011,6,parity_survival,ideal,0.0,0.0,0.0,False,physics_aware_mwpm,15,160,0,0.0,0.0,0.0,0.0,1.0,4.312780918553472
dla_parity,n4_even_signal,4,0011,6,parity_survival,ideal,0.0,0.0,0.0,False,physics_aware_mwpm,16,160,0,0.0,0.0,0.0,0.0,1.0,4.334399942308664
dla_parity,n4_even_signal,4,0011,6,parity_survival,ideal,0.0,0.0,0.0,False,physics_aware_mwpm,17,160,0,0.0,0.0,0.0,0.0,1.0,4.502404946833849
dla_parity,n4_even_signal,4,0011,6,parity_survival,ideal,0.0,0.0,0.0,False,physics_aware_mwpm,18,160,0,0.0,0.0,0.0,0.0,1.0,4.642551997676492
dla_parity,n4_even_signal,4,0011,6,parity_survival,ideal,0.0,0.0,0.0,False,physics_aware_mwpm,19,160,0,0.0,0.0,0.0,0.0,1.0,5.397239001467824
dla_parity,n4_even_signal,4,0011,6,parity_survival,ideal,0.0,0.0,0.0,False,physics_feature_disabled,0,160,0,0.0,0.0,0.0,0.0,1.0,5.865020910277963
dla_parity,n4_even_signal,4,0011,6,parity_survival,ideal,0.0,0.0,0.0,False,physics_feature_disabled,1,160,0,0.0,0.0,0.0,0.0,1.0,4.997441079467535
dla_parity,n4_even_signal,4,0011,6,parity_survival,ideal,0.0,0.0,0.0,False,physics_feature_disabled,2,160,0,0.0,0.0,0.0,0.0,1.0,4.458151059225202
dla_parity,n4_even_signal,4,0011,6,parity_survival,ideal,0.0,0.0,0.0,False,physics_feature_disabled,3,160,0,0.0,0.0,0.0,0.0,1.0,5.693951155990362
dla_parity,n4_even_signal,4,0011,6,parity_survival,ideal,0.0,0.0,0.0,False,physics_feature_disabled,4,160,0,0.0,0.0,0.0,0.0,1.0,4.770498024299741
dla_parity,n4_even_signal,4,0011,6,parity_survival,ideal,0.0,0.0,0.0,False,physics_feature_disabled,5,160,0,0.0,0.0,0.0,0.0,1.0,4.41127410158515
dla_parity,n4_even_signal,4,0011,6,parity_survival,ideal,0.0,0.0,0.0,False,physics_feature_disabled,6,160,0,0.0,0.0,0.0,0.0,1.0,4.240855108946562
dla_parity,n4_even_signal,4,0011,6,parity_survival,ideal,0.0,0.0,0.0,False,physics_feature_disabled,7,160,0,0.0,0.0,0.0,0.0,1.0,4.333919147029519
dla_parity,n4_even_signal,4,0011,6,parity_survival,ideal,0.0,0.0,0.0,False,physics_feature_disabled,8,160,0,0.0,0.0,0.0,0.0,1.0,4.325133981183171
dla_parity,n4_even_signal,4,0011,6,parity_survival,ideal,0.0,0.0,0.0,False,physics_feature_disabled,9,160,0,0.0,0.0,0.0,0.0,1.0,4.325737943872809
dla_parity,n4_even_signal,4,0011,6,parity_survival,ideal,0.0,0.0,0.0,False,physics_feature_disabled,10,160,0,0.0,0.0,0.0,0.0,1.0,4.246629076078534
dla_parity,n4_even_signal,4,0011,6,parity_survival,ideal,0.0,0.0,0.0,False,physics_feature_disabled,11,160,0,0.0,0.0,0.0,0.0,1.0,8.005516836419702
dla_parity,n4_even_signal,4,0011,6,parity_survival,ideal,0.0,0.0,0.0,False,physics_feature_disabled,12,160,0,0.0,0.0,0.0,0.0,1.0,4.6505609061568975
dla_parity,n4_even_signal,4,0011,6,parity_survival,ideal,0.0,0.0,0.0,False,physics_feature_disabled,13,160,0,0.0,0.0,0.0,0.0,1.0,4.503163974732161
dla_parity,n4_even_signal,4,0011,6,parity_survival,ideal,0.0,0.0,0.0,False,physics_feature_disabled,14,160,0,0.0,0.0,0.0,0.0,1.0,4.656387027353048
dla_parity,n4_even_signal,4,0011,6,parity_survival,ideal,0.0,0.0,0.0,False,physics_feature_disabled,15,160,0,0.0,0.0,0.0,0.0,1.0,4.461018135771155
dla_parity,n4_even_signal,4,0011,6,parity_survival,ideal,0.0,0.0,0.0,False,physics_feature_disabled,16,160,0,0.0,0.0,0.0,0.0,1.0,6.048412062227726
dla_parity,n4_even_signal,4,0011,6,parity_survival,ideal,0.0,0.0,0.0,False,physics_feature_disabled,17,160,0,0.0,0.0,0.0,0.0,1.0,4.91326698102057
dla_parity,n4_even_signal,4,0011,6,parity_survival,ideal,0.0,0.0,0.0,False,physics_feature_disabled,18,160,0,0.0,0.0,0.0,0.0,1.0,4.305893089622259
dla_parity,n4_even_signal,4,0011,6,parity_survival,ideal,0.0,0.0,0.0,False,physics_feature_disabled,19,160,0,0.0,0.0,0.0,0.0,1.0,4.320243839174509
dla_parity,n4_even_signal,4,0011,6,parity_survival,depolarising_1pct,0.01,0.01,0.01,True,unencoded_physical,0,160,12,0.075,0.03418708844005367,0.11581291155994633,0.0,1.0,0.4633781500160694
dla_parity,n4_even_signal,4,0011,6,parity_survival,depolarising_1pct,0.01,0.01,0.01,True,unencoded_physical,1,160,10,0.0625,0.02499218831363259,0.10000781168636741,0.0,1.0,0.45728194527328014
dla_parity,n4_even_signal,4,0011,6,parity_survival,depolarising_1pct,0.01,0.01,0.01,True,unencoded_physical,2,160,7,0.04375,0.012056453979161622,0.07544354602083837,0.0,1.0,0.45329006388783455
dla_parity,n4_even_signal,4,0011,6,parity_survival,depolarising_1pct,0.01,0.01,0.01,True,unencoded_physical,3,160,6,0.0375,0.008061743640290105,0.06693825635970989,0.0,1.0,0.4639960825443268
dla_parity,n4_even_signal,4,0011,6,parity_survival,depolarising_1pct,0.01,0.01,0.01,True,unencoded_physical,4,160,10,0.0625,0.02499218831363259,0.10000781168636741,0.0,1.0,0.4555720370262861
dla_parity,n4_even_signal,4,0011,6,parity_survival,depolarising_1pct,0.01,0.01,0.01,True,unencoded_physical,5,160,14,0.0875,0.04371588829837928,0.13128411170162071,0.0,1.0,0.4853599239140749
dla_parity,n4_even_signal,4,0011,6,parity_survival,depolarising_1pct,0.01,0.01,0.01,True,unencoded_physical,6,160,14,0.0875,0.04371588829837928,0.13128411170162071,0.0,1.0,0.46295998618006706
dla_parity,n4_even_signal,4,0011,6,parity_survival,depolarising_1pct,0.01,0.01,0.01,True,unencoded_physical,7,160,7,0.04375,0.012056453979161622,0.07544354602083837,0.0,1.0,0.4684280138462782
dla_parity,n4_even_signal,4,0011,6,parity_survival,depolarising_1pct,0.01,0.01,0.01,True,unencoded_physical,8,160,9,0.05625,0.02054855241905449,0.0919514475809455,0.0,1.0,0.45873504132032394
dla_parity,n4_even_signal,4,0011,6,parity_survival,depolarising_1pct,0.01,0.01,0.01,True,unencoded_physical,9,160,9,0.05625,0.02054855241905449,0.0919514475809455,0.0,1.0,0.460637966170907
dla_parity,n4_even_signal,4,0011,6,parity_survival,depolarising_1pct,0.01,0.01,0.01,True,unencoded_physical,10,160,12,0.075,0.03418708844005367,0.11581291155994633,0.0,1.0,0.4511179868131876
dla_parity,n4_even_signal,4,0011,6,parity_survival,depolarising_1pct,0.01,0.01,0.01,True,unencoded_physical,11,160,11,0.06875,0.02954282292264592,0.10795717707735408,0.0,1.0,0.45591709204018116
dla_parity,n4_even_signal,4,0011,6,parity_survival,depolarising_1pct,0.01,0.01,0.01,True,unencoded_physical,12,160,16,0.1,0.053514518395524825,0.1464854816044752,0.0,1.0,0.44543109834194183
dla_parity,n4_even_signal,4,0011,6,parity_survival,depolarising_1pct,0.01,0.01,0.01,True,unencoded_physical,13,160,11,0.06875,0.02954282292264592,0.10795717707735408,0.0,1.0,0.46142912469804287
dla_parity,n4_even_signal,4,0011,6,parity_survival,depolarising_1pct,0.01,0.01,0.01,True,unencoded_physical,14,160,10,0.0625,0.02499218831363259,0.10000781168636741,0.0,1.0,0.5650820676237345
dla_parity,n4_even_signal,4,0011,6,parity_survival,depolarising_1pct,0.01,0.01,0.01,True,unencoded_physical,15,160,11,0.06875,0.02954282292264592,0.10795717707735408,0.0,1.0,0.8029008749872446
dla_parity,n4_even_signal,4,0011,6,parity_survival,depolarising_1pct,0.01,0.01,0.01,True,unencoded_physical,16,160,13,0.08125,0.0389143296453806,0.1235856703546194,0.0,1.0,0.7860290352255106
dla_parity,n4_even_signal,4,0011,6,parity_survival,depolarising_1pct,0.01,0.01,0.01,True,unencoded_physical,17,160,13,0.08125,0.0389143296453806,0.1235856703546194,0.0,1.0,0.9165010415017605
dla_parity,n4_even_signal,4,0011,6,parity_survival,depolarising_1pct,0.01,0.01,0.01,True,unencoded_physical,18,160,18,0.1125,0.06353829621530721,0.1614617037846928,0.0,1.0,0.8179971482604742
dla_parity,n4_even_signal,4,0011,6,parity_survival,depolarising_1pct,0.01,0.01,0.01,True,unencoded_physical,19,160,8,0.05,0.016229080557378962,0.08377091944262105,0.0,1.0,0.8492178749293089
dla_parity,n4_even_signal,4,0011,6,parity_survival,depolarising_1pct,0.01,0.01,0.01,True,standard_mwpm,0,160,0,0.0,0.0,0.0,0.45625,1.0,16.77646883763373
dla_parity,n4_even_signal,4,0011,6,parity_survival,depolarising_1pct,0.01,0.01,0.01,True,standard_mwpm,1,160,3,0.01875,0.0,0.03976776592254752,0.35,1.0,10.803723009303212
dla_parity,n4_even_signal,4,0011,6,parity_survival,depolarising_1pct,0.01,0.01,0.01,True,standard_mwpm,2,160,4,0.025,0.0008081883687889174,0.049191811631211085,0.3875,1.0,10.924285044893622
dla_parity,n4_even_signal,4,0011,6,parity_survival,depolarising_1pct,0.01,0.01,0.01,True,standard_mwpm,3,160,4,0.025,0.0008081883687889174,0.049191811631211085,0.4375,1.0,10.217447998002172
dla_parity,n4_even_signal,4,0011,6,parity_survival,depolarising_1pct,0.01,0.01,0.01,True,standard_mwpm,4,160,1,0.00625,0.0,0.018461658747893343,0.3875,1.0,9.380253963172436
dla_parity,n4_even_signal,4,0011,6,parity_survival,depolarising_1pct,0.01,0.01,0.01,True,standard_mwpm,5,160,2,0.0125,0.0,0.029715499920130114,0.40625,1.0,9.53689799644053
dla_parity,n4_even_signal,4,0011,6,parity_survival,depolarising_1pct,0.01,0.01,0.01,True,standard_mwpm,6,160,1,0.00625,0.0,0.018461658747893343,0.45625,1.0,10.1581159979105
dla_parity,n4_even_signal,4,0011,6,parity_survival,depolarising_1pct,0.01,0.01,0.01,True,standard_mwpm,7,160,0,0.0,0.0,0.0,0.40625,1.0,10.470427107065916
dla_parity,n4_even_signal,4,0011,6,parity_survival,depolarising_1pct,0.01,0.01,0.01,True,standard_mwpm,8,160,2,0.0125,0.0,0.029715499920130114,0.3875,1.0,13.20904796011746
dla_parity,n4_even_signal,4,0011,6,parity_survival,depolarising_1pct,0.01,0.01,0.01,True,standard_mwpm,9,160,0,0.0,0.0,0.0,0.40625,1.0,10.008248966187239
dla_parity,n4_even_signal,4,0011,6,parity_survival,depolarising_1pct,0.01,0.01,0.01,True,standard_mwpm,10,160,2,0.0125,0.0,0.029715499920130114,0.475,1.0,10.197886964306235
dla_parity,n4_even_signal,4,0011,6,parity_survival,depolarising_1pct,0.01,0.01,0.01,True,standard_mwpm,11,160,4,0.025,0.0008081883687889174,0.049191811631211085,0.375,1.0,8.984376909211278
dla_parity,n4_even_signal,4,0011,6,parity_survival,depolarising_1pct,0.01,0.01,0.01,True,standard_mwpm,12,160,0,0.0,0.0,0.0,0.4625,1.0,12.977774953469634
dla_parity,n4_even_signal,4,0011,6,parity_survival,depolarising_1pct,0.01,0.01,0.01,True,standard_mwpm,13,160,1,0.00625,0.0,0.018461658747893343,0.375,1.0,9.711755905300379
dla_parity,n4_even_signal,4,0011,6,parity_survival,depolarising_1pct,0.01,0.01,0.01,True,standard_mwpm,14,160,1,0.00625,0.0,0.018461658747893343,0.41875,1.0,11.104407021775842
dla_parity,n4_even_signal,4,0011,6,parity_survival,depolarising_1pct,0.01,0.01,0.01,True,standard_mwpm,15,160,1,0.00625,0.0,0.018461658747893343,0.49375,1.0,10.66423300653696
dla_parity,n4_even_signal,4,0011,6,parity_survival,depolarising_1pct,0.01,0.01,0.01,True,standard_mwpm,16,160,4,0.025,0.0008081883687889174,0.049191811631211085,0.39375,1.0,13.072671135887504
dla_parity,n4_even_signal,4,0011,6,parity_survival,depolarising_1pct,0.01,0.01,0.01,True,standard_mwpm,17,160,4,0.025,0.0008081883687889174,0.049191811631211085,0.49375,1.0,11.74442283809185
dla_parity,n4_even_signal,4,0011,6,parity_survival,depolarising_1pct,0.01,0.01,0.01,True,standard_mwpm,18,160,3,0.01875,0.0,0.03976776592254752,0.46875,1.0,13.146894983947277
dla_parity,n4_even_signal,4,0011,6,parity_survival,depolarising_1pct,0.01,0.01,0.01,True,standard_mwpm,19,160,4,0.025,0.0008081883687889174,0.049191811631211085,0.4,1.0,11.630274122580886
dla_parity,n4_even_signal,4,0011,6,parity_survival,depolarising_1pct,0.01,0.01,0.01,True,physics_aware_mwpm,0,160,3,0.01875,0.0,0.03976776592254752,0.45625,1.0,11.251035146415234
dla_parity,n4_even_signal,4,0011,6,parity_survival,depolarising_1pct,0.01,0.01,0.01,True,physics_aware_mwpm,1,160,3,0.01875,0.0,0.03976776592254752,0.35,1.0,9.40441689454019
dla_parity,n4_even_signal,4,0011,6,parity_survival,depolarising_1pct,0.01,0.01,0.01,True,physics_aware_mwpm,2,160,3,0.01875,0.0,0.03976776592254752,0.3875,1.0,10.14388888143003
dla_parity,n4_even_signal,4,0011,6,parity_survival,depolarising_1pct,0.01,0.01,0.01,True,physics_aware_mwpm,3,160,4,0.025,0.0008081883687889174,0.049191811631211085,0.4375,1.0,14.712752075865865
dla_parity,n4_even_signal,4,0011,6,parity_survival,depolarising_1pct,0.01,0.01,0.01,True,physics_aware_mwpm,4,160,3,0.01875,0.0,0.03976776592254752,0.3875,1.0,12.021798873320222
dla_parity,n4_even_signal,4,0011,6,parity_survival,depolarising_1pct,0.01,0.01,0.01,True,physics_aware_mwpm,5,160,4,0.025,0.0008081883687889174,0.049191811631211085,0.40625,1.0,13.494858983904123
dla_parity,n4_even_signal,4,0011,6,parity_survival,depolarising_1pct,0.01,0.01,0.01,True,physics_aware_mwpm,6,160,2,0.0125,0.0,0.029715499920130114,0.45625,1.0,11.250452836975455
dla_parity,n4_even_signal,4,0011,6,parity_survival,depolarising_1pct,0.01,0.01,0.01,True,physics_aware_mwpm,7,160,2,0.0125,0.0,0.029715499920130114,0.40625,1.0,11.81730697862804
dla_parity,n4_even_signal,4,0011,6,parity_survival,depolarising_1pct,0.01,0.01,0.01,True,physics_aware_mwpm,8,160,5,0.03125,0.0042895616805846415,0.05821043831941536,0.3875,1.0,13.08215013705194
dla_parity,n4_even_signal,4,0011,6,parity_survival,depolarising_1pct,0.01,0.01,0.01,True,physics_aware_mwpm,9,160,2,0.0125,0.0,0.029715499920130114,0.40625,1.0,11.215964099392295
dla_parity,n4_even_signal,4,0011,6,parity_survival,depolarising_1pct,0.01,0.01,0.01,True,physics_aware_mwpm,10,160,4,0.025,0.0008081883687889174,0.049191811631211085,0.475,1.0,11.051975889131427
dla_parity,n4_even_signal,4,0011,6,parity_survival,depolarising_1pct,0.01,0.01,0.01,True,physics_aware_mwpm,11,160,6,0.0375,0.008061743640290105,0.06693825635970989,0.375,1.0,9.11316811107099
dla_parity,n4_even_signal,4,0011,6,parity_survival,depolarising_1pct,0.01,0.01,0.01,True,physics_aware_mwpm,12,160,3,0.01875,0.0,0.03976776592254752,0.4625,1.0,11.008854024112225
dla_parity,n4_even_signal,4,0011,6,parity_survival,depolarising_1pct,0.01,0.01,0.01,True,physics_aware_mwpm,13,160,3,0.01875,0.0,0.03976776592254752,0.375,1.0,12.588134966790676
dla_parity,n4_even_signal,4,0011,6,parity_survival,depolarising_1pct,0.01,0.01,0.01,True,physics_aware_mwpm,14,160,4,0.025,0.0008081883687889174,0.049191811631211085,0.41875,1.0,16.172536881640553
dla_parity,n4_even_signal,4,0011,6,parity_survival,depolarising_1pct,0.01,0.01,0.01,True,physics_aware_mwpm,15,160,5,0.03125,0.0042895616805846415,0.05821043831941536,0.49375,1.0,14.635009923949838
dla_parity,n4_even_signal,4,0011,6,parity_survival,depolarising_1pct,0.01,0.01,0.01,True,physics_aware_mwpm,16,160,5,0.03125,0.0042895616805846415,0.05821043831941536,0.39375,1.0,9.858295088633895
dla_parity,n4_even_signal,4,0011,6,parity_survival,depolarising_1pct,0.01,0.01,0.01,True,physics_aware_mwpm,17,160,6,0.0375,0.008061743640290105,0.06693825635970989,0.49375,1.0,11.502414010465145
dla_parity,n4_even_signal,4,0011,6,parity_survival,depolarising_1pct,0.01,0.01,0.01,True,physics_aware_mwpm,18,160,6,0.0375,0.008061743640290105,0.06693825635970989,0.46875,1.0,12.4149180483073
dla_parity,n4_even_signal,4,0011,6,parity_survival,depolarising_1pct,0.01,0.01,0.01,True,physics_aware_mwpm,19,160,6,0.0375,0.008061743640290105,0.06693825635970989,0.4,1.0,12.146929046139121
dla_parity,n4_even_signal,4,0011,6,parity_survival,depolarising_1pct,0.01,0.01,0.01,True,physics_feature_disabled,0,160,0,0.0,0.0,0.0,0.45625,1.0,13.033325085416436
dla_parity,n4_even_signal,4,0011,6,parity_survival,depolarising_1pct,0.01,0.01,0.01,True,physics_feature_disabled,1,160,3,0.01875,0.0,0.03976776592254752,0.35,1.0,9.46558197028935
dla_parity,n4_even_signal,4,0011,6,parity_survival,depolarising_1pct,0.01,0.01,0.01,True,physics_feature_disabled,2,160,4,0.025,0.0008081883687889174,0.049191811631211085,0.3875,1.0,12.012961087748408
dla_parity,n4_even_signal,4,0011,6,parity_survival,depolarising_1pct,0.01,0.01,0.01,True,physics_feature_disabled,3,160,4,0.025,0.0008081883687889174,0.049191811631211085,0.4375,1.0,11.498154839500785
dla_parity,n4_even_signal,4,0011,6,parity_survival,depolarising_1pct,0.01,0.01,0.01,True,physics_feature_disabled,4,160,1,0.00625,0.0,0.018461658747893343,0.3875,1.0,13.222896959632635
dla_parity,n4_even_signal,4,0011,6,parity_survival,depolarising_1pct,0.01,0.01,0.01,True,physics_feature_disabled,5,160,2,0.0125,0.0,0.029715499920130114,0.40625,1.0,13.252343982458115
dla_parity,n4_even_signal,4,0011,6,parity_survival,depolarising_1pct,0.01,0.01,0.01,True,physics_feature_disabled,6,160,1,0.00625,0.0,0.018461658747893343,0.45625,1.0,11.35178399272263
dla_parity,n4_even_signal,4,0011,6,parity_survival,depolarising_1pct,0.01,0.01,0.01,True,physics_feature_disabled,7,160,0,0.0,0.0,0.0,0.40625,1.0,12.981788022443652
dla_parity,n4_even_signal,4,0011,6,parity_survival,depolarising_1pct,0.01,0.01,0.01,True,physics_feature_disabled,8,160,2,0.0125,0.0,0.029715499920130114,0.3875,1.0,12.247395934537053
dla_parity,n4_even_signal,4,0011,6,parity_survival,depolarising_1pct,0.01,0.01,0.01,True,physics_feature_disabled,9,160,0,0.0,0.0,0.0,0.40625,1.0,12.859106063842773
dla_parity,n4_even_signal,4,0011,6,parity_survival,depolarising_1pct,0.01,0.01,0.01,True,physics_feature_disabled,10,160,2,0.0125,0.0,0.029715499920130114,0.475,1.0,12.992582051083446
dla_parity,n4_even_signal,4,0011,6,parity_survival,depolarising_1pct,0.01,0.01,0.01,True,physics_feature_disabled,11,160,4,0.025,0.0008081883687889174,0.049191811631211085,0.375,1.0,9.009626926854253
dla_parity,n4_even_signal,4,0011,6,parity_survival,depolarising_1pct,0.01,0.01,0.01,True,physics_feature_disabled,12,160,0,0.0,0.0,0.0,0.4625,1.0,10.44307998381555
dla_parity,n4_even_signal,4,0011,6,parity_survival,depolarising_1pct,0.01,0.01,0.01,True,physics_feature_disabled,13,160,1,0.00625,0.0,0.018461658747893343,0.375,1.0,13.765611918643117
dla_parity,n4_even_signal,4,0011,6,parity_survival,depolarising_1pct,0.01,0.01,0.01,True,physics_feature_disabled,14,160,1,0.00625,0.0,0.018461658747893343,0.41875,1.0,12.268146965652704
dla_parity,n4_even_signal,4,0011,6,parity_survival,depolarising_1pct,0.01,0.01,0.01,True,physics_feature_disabled,15,160,1,0.00625,0.0,0.018461658747893343,0.49375,1.0,12.132003903388977
dla_parity,n4_even_signal,4,0011,6,parity_survival,depolarising_1pct,0.01,0.01,0.01,True,physics_feature_disabled,16,160,4,0.025,0.0008081883687889174,0.049191811631211085,0.39375,1.0,9.490371914580464
dla_parity,n4_even_signal,4,0011,6,parity_survival,depolarising_1pct,0.01,0.01,0.01,True,physics_feature_disabled,17,160,4,0.025,0.0008081883687889174,0.049191811631211085,0.49375,1.0,10.767461033537984
dla_parity,n4_even_signal,4,0011,6,parity_survival,depolarising_1pct,0.01,0.01,0.01,True,physics_feature_disabled,18,160,3,0.01875,0.0,0.03976776592254752,0.46875,1.0,12.499178061261773
dla_parity,n4_even_signal,4,0011,6,parity_survival,depolarising_1pct,0.01,0.01,0.01,True,physics_feature_disabled,19,160,4,0.025,0.0008081883687889174,0.049191811631211085,0.4,1.0,10.751648107543588
dla_parity,n4_even_signal,4,0011,6,parity_survival,readout_biased_1p5pct,0.004,0.002,0.015,True,unencoded_physical,0,160,14,0.0875,0.04371588829837928,0.13128411170162071,0.0,1.0,0.6600499618798494
dla_parity,n4_even_signal,4,0011,6,parity_survival,readout_biased_1p5pct,0.004,0.002,0.015,True,unencoded_physical,1,160,9,0.05625,0.02054855241905449,0.0919514475809455,0.0,1.0,0.43943198397755623
dla_parity,n4_even_signal,4,0011,6,parity_survival,readout_biased_1p5pct,0.004,0.002,0.015,True,unencoded_physical,2,160,7,0.04375,0.012056453979161622,0.07544354602083837,0.0,1.0,0.44188695028424263
dla_parity,n4_even_signal,4,0011,6,parity_survival,readout_biased_1p5pct,0.004,0.002,0.015,True,unencoded_physical,3,160,5,0.03125,0.0042895616805846415,0.05821043831941536,0.0,1.0,0.4591441247612238
dla_parity,n4_even_signal,4,0011,6,parity_survival,readout_biased_1p5pct,0.004,0.002,0.015,True,unencoded_physical,4,160,10,0.0625,0.02499218831363259,0.10000781168636741,0.0,1.0,0.469092046841979
dla_parity,n4_even_signal,4,0011,6,parity_survival,readout_biased_1p5pct,0.004,0.002,0.015,True,unencoded_physical,5,160,14,0.0875,0.04371588829837928,0.13128411170162071,0.0,1.0,0.4315690603107214
dla_parity,n4_even_signal,4,0011,6,parity_survival,readout_biased_1p5pct,0.004,0.002,0.015,True,unencoded_physical,6,160,13,0.08125,0.0389143296453806,0.1235856703546194,0.0,1.0,0.42582093738019466
dla_parity,n4_even_signal,4,0011,6,parity_survival,readout_biased_1p5pct,0.004,0.002,0.015,True,unencoded_physical,7,160,6,0.0375,0.008061743640290105,0.06693825635970989,0.0,1.0,0.4455840680748224
dla_parity,n4_even_signal,4,0011,6,parity_survival,readout_biased_1p5pct,0.004,0.002,0.015,True,unencoded_physical,8,160,8,0.05,0.016229080557378962,0.08377091944262105,0.0,1.0,0.42530917562544346
dla_parity,n4_even_signal,4,0011,6,parity_survival,readout_biased_1p5pct,0.004,0.002,0.015,True,unencoded_physical,9,160,9,0.05625,0.02054855241905449,0.0919514475809455,0.0,1.0,0.46804919838905334
dla_parity,n4_even_signal,4,0011,6,parity_survival,readout_biased_1p5pct,0.004,0.002,0.015,True,unencoded_physical,10,160,11,0.06875,0.02954282292264592,0.10795717707735408,0.0,1.0,0.45177899301052094
dla_parity,n4_even_signal,4,0011,6,parity_survival,readout_biased_1p5pct,0.004,0.002,0.015,True,unencoded_physical,11,160,6,0.0375,0.008061743640290105,0.06693825635970989,0.0,1.0,0.5199159495532513
dla_parity,n4_even_signal,4,0011,6,parity_survival,readout_biased_1p5pct,0.004,0.002,0.015,True,unencoded_physical,12,160,15,0.09375,0.048584613813507586,0.1389153861864924,0.0,1.0,0.5575139075517654
dla_parity,n4_even_signal,4,0011,6,parity_survival,readout_biased_1p5pct,0.004,0.002,0.015,True,unencoded_physical,13,160,11,0.06875,0.02954282292264592,0.10795717707735408,0.0,1.0,0.7913580629974604
dla_parity,n4_even_signal,4,0011,6,parity_survival,readout_biased_1p5pct,0.004,0.002,0.015,True,unencoded_physical,14,160,10,0.0625,0.02499218831363259,0.10000781168636741,0.0,1.0,0.5339649505913258
dla_parity,n4_even_signal,4,0011,6,parity_survival,readout_biased_1p5pct,0.004,0.002,0.015,True,unencoded_physical,15,160,11,0.06875,0.02954282292264592,0.10795717707735408,0.0,1.0,0.5295888986438513
dla_parity,n4_even_signal,4,0011,6,parity_survival,readout_biased_1p5pct,0.004,0.002,0.015,True,unencoded_physical,16,160,12,0.075,0.03418708844005367,0.11581291155994633,0.0,1.0,0.4731400404125452
dla_parity,n4_even_signal,4,0011,6,parity_survival,readout_biased_1p5pct,0.004,0.002,0.015,True,unencoded_physical,17,160,12,0.075,0.03418708844005367,0.11581291155994633,0.0,1.0,0.43516303412616253
dla_parity,n4_even_signal,4,0011,6,parity_survival,readout_biased_1p5pct,0.004,0.002,0.015,True,unencoded_physical,18,160,18,0.1125,0.06353829621530721,0.1614617037846928,0.0,1.0,0.45243697240948677
dla_parity,n4_even_signal,4,0011,6,parity_survival,readout_biased_1p5pct,0.004,0.002,0.015,True,unencoded_physical,19,160,9,0.05625,0.02054855241905449,0.0919514475809455,0.0,1.0,0.4363839980214834
dla_parity,n4_even_signal,4,0011,6,parity_survival,readout_biased_1p5pct,0.004,0.002,0.015,True,standard_mwpm,0,160,0,0.0,0.0,0.0,0.35,1.0,8.915967075154185
dla_parity,n4_even_signal,4,0011,6,parity_survival,readout_biased_1p5pct,0.004,0.002,0.015,True,standard_mwpm,1,160,0,0.0,0.0,0.0,0.25,1.0,7.544277003034949
dla_parity,n4_even_signal,4,0011,6,parity_survival,readout_biased_1p5pct,0.004,0.002,0.015,True,standard_mwpm,2,160,3,0.01875,0.0,0.03976776592254752,0.275,1.0,7.886889157816768
dla_parity,n4_even_signal,4,0011,6,parity_survival,readout_biased_1p5pct,0.004,0.002,0.015,True,standard_mwpm,3,160,4,0.025,0.0008081883687889174,0.049191811631211085,0.31875,1.0,8.361443178728223
dla_parity,n4_even_signal,4,0011,6,parity_survival,readout_biased_1p5pct,0.004,0.002,0.015,True,standard_mwpm,4,160,1,0.00625,0.0,0.018461658747893343,0.3125,1.0,8.635822916403413
dla_parity,n4_even_signal,4,0011,6,parity_survival,readout_biased_1p5pct,0.004,0.002,0.015,True,standard_mwpm,5,160,0,0.0,0.0,0.0,0.33125,1.0,10.155764874070883
dla_parity,n4_even_signal,4,0011,6,parity_survival,readout_biased_1p5pct,0.004,0.002,0.015,True,standard_mwpm,6,160,1,0.00625,0.0,0.018461658747893343,0.325,1.0,9.55860293470323
dla_parity,n4_even_signal,4,0011,6,parity_survival,readout_biased_1p5pct,0.004,0.002,0.015,True,standard_mwpm,7,160,0,0.0,0.0,0.0,0.3125,1.0,8.379362057894468
dla_parity,n4_even_signal,4,0011,6,parity_survival,readout_biased_1p5pct,0.004,0.002,0.015,True,standard_mwpm,8,160,1,0.00625,0.0,0.018461658747893343,0.28125,1.0,7.810048060491681
dla_parity,n4_even_signal,4,0011,6,parity_survival,readout_biased_1p5pct,0.004,0.002,0.015,True,standard_mwpm,9,160,0,0.0,0.0,0.0,0.2625,1.0,7.481937063857913
dla_parity,n4_even_signal,4,0011,6,parity_survival,readout_biased_1p5pct,0.004,0.002,0.015,True,standard_mwpm,10,160,1,0.00625,0.0,0.018461658747893343,0.375,1.0,11.082313023507595
dla_parity,n4_even_signal,4,0011,6,parity_survival,readout_biased_1p5pct,0.004,0.002,0.015,True,standard_mwpm,11,160,4,0.025,0.0008081883687889174,0.049191811631211085,0.2875,1.0,9.501541964709759
dla_parity,n4_even_signal,4,0011,6,parity_survival,readout_biased_1p5pct,0.004,0.002,0.015,True,standard_mwpm,12,160,0,0.0,0.0,0.0,0.3375,1.0,9.402813855558634
dla_parity,n4_even_signal,4,0011,6,parity_survival,readout_biased_1p5pct,0.004,0.002,0.015,True,standard_mwpm,13,160,1,0.00625,0.0,0.018461658747893343,0.26875,1.0,8.083886001259089
dla_parity,n4_even_signal,4,0011,6,parity_survival,readout_biased_1p5pct,0.004,0.002,0.015,True,standard_mwpm,14,160,1,0.00625,0.0,0.018461658747893343,0.325,1.0,8.325370028614998
dla_parity,n4_even_signal,4,0011,6,parity_survival,readout_biased_1p5pct,0.004,0.002,0.015,True,standard_mwpm,15,160,0,0.0,0.0,0.0,0.3625,1.0,9.043379919603467
dla_parity,n4_even_signal,4,0011,6,parity_survival,readout_biased_1p5pct,0.004,0.002,0.015,True,standard_mwpm,16,160,2,0.0125,0.0,0.029715499920130114,0.3,1.0,7.9535930417478085
dla_parity,n4_even_signal,4,0011,6,parity_survival,readout_biased_1p5pct,0.004,0.002,0.015,True,standard_mwpm,17,160,3,0.01875,0.0,0.03976776592254752,0.3625,1.0,8.846690878272057
dla_parity,n4_even_signal,4,0011,6,parity_survival,readout_biased_1p5pct,0.004,0.002,0.015,True,standard_mwpm,18,160,2,0.0125,0.0,0.029715499920130114,0.36875,1.0,9.12638008594513
dla_parity,n4_even_signal,4,0011,6,parity_survival,readout_biased_1p5pct,0.004,0.002,0.015,True,standard_mwpm,19,160,4,0.025,0.0008081883687889174,0.049191811631211085,0.33125,1.0,9.52037121169269
dla_parity,n4_even_signal,4,0011,6,parity_survival,readout_biased_1p5pct,0.004,0.002,0.015,True,physics_aware_mwpm,0,160,2,0.0125,0.0,0.029715499920130114,0.35,1.0,10.285604977980256
dla_parity,n4_even_signal,4,0011,6,parity_survival,readout_biased_1p5pct,0.004,0.002,0.015,True,physics_aware_mwpm,1,160,0,0.0,0.0,0.0,0.25,1.0,8.098491001874208
dla_parity,n4_even_signal,4,0011,6,parity_survival,readout_biased_1p5pct,0.004,0.002,0.015,True,physics_aware_mwpm,2,160,2,0.0125,0.0,0.029715499920130114,0.275,1.0,9.0695780236274
dla_parity,n4_even_signal,4,0011,6,parity_survival,readout_biased_1p5pct,0.004,0.002,0.015,True,physics_aware_mwpm,3,160,4,0.025,0.0008081883687889174,0.049191811631211085,0.31875,1.0,8.376517100259662
dla_parity,n4_even_signal,4,0011,6,parity_survival,readout_biased_1p5pct,0.004,0.002,0.015,True,physics_aware_mwpm,4,160,2,0.0125,0.0,0.029715499920130114,0.3125,1.0,8.669299073517323
dla_parity,n4_even_signal,4,0011,6,parity_survival,readout_biased_1p5pct,0.004,0.002,0.015,True,physics_aware_mwpm,5,160,1,0.00625,0.0,0.018461658747893343,0.33125,1.0,8.931274060159922
dla_parity,n4_even_signal,4,0011,6,parity_survival,readout_biased_1p5pct,0.004,0.002,0.015,True,physics_aware_mwpm,6,160,2,0.0125,0.0,0.029715499920130114,0.325,1.0,9.853083873167634
dla_parity,n4_even_signal,4,0011,6,parity_survival,readout_biased_1p5pct,0.004,0.002,0.015,True,physics_aware_mwpm,7,160,2,0.0125,0.0,0.029715499920130114,0.3125,1.0,13.886430067941546
dla_parity,n4_even_signal,4,0011,6,parity_survival,readout_biased_1p5pct,0.004,0.002,0.015,True,physics_aware_mwpm,8,160,3,0.01875,0.0,0.03976776592254752,0.28125,1.0,14.6099419798702
dla_parity,n4_even_signal,4,0011,6,parity_survival,readout_biased_1p5pct,0.004,0.002,0.015,True,physics_aware_mwpm,9,160,1,0.00625,0.0,0.018461658747893343,0.2625,1.0,11.110823135823011
dla_parity,n4_even_signal,4,0011,6,parity_survival,readout_biased_1p5pct,0.004,0.002,0.015,True,physics_aware_mwpm,10,160,3,0.01875,0.0,0.03976776592254752,0.375,1.0,10.170191992074251
dla_parity,n4_even_signal,4,0011,6,parity_survival,readout_biased_1p5pct,0.004,0.002,0.015,True,physics_aware_mwpm,11,160,6,0.0375,0.008061743640290105,0.06693825635970989,0.2875,1.0,8.543286006897688
dla_parity,n4_even_signal,4,0011,6,parity_survival,readout_biased_1p5pct,0.004,0.002,0.015,True,physics_aware_mwpm,12,160,3,0.01875,0.0,0.03976776592254752,0.3375,1.0,9.640576085075736
dla_parity,n4_even_signal,4,0011,6,parity_survival,readout_biased_1p5pct,0.004,0.002,0.015,True,physics_aware_mwpm,13,160,3,0.01875,0.0,0.03976776592254752,0.26875,1.0,8.583307964727283
dla_parity,n4_even_signal,4,0011,6,parity_survival,readout_biased_1p5pct,0.004,0.002,0.015,True,physics_aware_mwpm,14,160,3,0.01875,0.0,0.03976776592254752,0.325,1.0,9.049355052411556
dla_parity,n4_even_signal,4,0011,6,parity_survival,readout_biased_1p5pct,0.004,0.002,0.015,True,physics_aware_mwpm,15,160,3,0.01875,0.0,0.03976776592254752,0.3625,1.0,9.06148599460721
dla_parity,n4_even_signal,4,0011,6,parity_survival,readout_biased_1p5pct,0.004,0.002,0.015,True,physics_aware_mwpm,16,160,3,0.01875,0.0,0.03976776592254752,0.3,1.0,8.618911961093545
dla_parity,n4_even_signal,4,0011,6,parity_survival,readout_biased_1p5pct,0.004,0.002,0.015,True,physics_aware_mwpm,17,160,4,0.025,0.0008081883687889174,0.049191811631211085,0.3625,1.0,9.903068887069821
dla_parity,n4_even_signal,4,0011,6,parity_survival,readout_biased_1p5pct,0.004,0.002,0.015,True,physics_aware_mwpm,18,160,3,0.01875,0.0,0.03976776592254752,0.36875,1.0,9.325720835477114
dla_parity,n4_even_signal,4,0011,6,parity_survival,readout_biased_1p5pct,0.004,0.002,0.015,True,physics_aware_mwpm,19,160,4,0.025,0.0008081883687889174,0.049191811631211085,0.33125,1.0,10.566232027485967
dla_parity,n4_even_signal,4,0011,6,parity_survival,readout_biased_1p5pct,0.004,0.002,0.015,True,physics_feature_disabled,0,160,0,0.0,0.0,0.0,0.35,1.0,8.546529803425074
dla_parity,n4_even_signal,4,0011,6,parity_survival,readout_biased_1p5pct,0.004,0.002,0.015,True,physics_feature_disabled,1,160,0,0.0,0.0,0.0,0.25,1.0,7.3814429342746735
dla_parity,n4_even_signal,4,0011,6,parity_survival,readout_biased_1p5pct,0.004,0.002,0.015,True,physics_feature_disabled,2,160,3,0.01875,0.0,0.03976776592254752,0.275,1.0,7.726236945018172
dla_parity,n4_even_signal,4,0011,6,parity_survival,readout_biased_1p5pct,0.004,0.002,0.015,True,physics_feature_disabled,3,160,4,0.025,0.0008081883687889174,0.049191811631211085,0.31875,1.0,8.386333007365465
dla_parity,n4_even_signal,4,0011,6,parity_survival,readout_biased_1p5pct,0.004,0.002,0.015,True,physics_feature_disabled,4,160,1,0.00625,0.0,0.018461658747893343,0.3125,1.0,9.297232842072845
dla_parity,n4_even_signal,4,0011,6,parity_survival,readout_biased_1p5pct,0.004,0.002,0.015,True,physics_feature_disabled,5,160,0,0.0,0.0,0.0,0.33125,1.0,9.44043998606503
dla_parity,n4_even_signal,4,0011,6,parity_survival,readout_biased_1p5pct,0.004,0.002,0.015,True,physics_feature_disabled,6,160,1,0.00625,0.0,0.018461658747893343,0.325,1.0,10.161571903154254
dla_parity,n4_even_signal,4,0011,6,parity_survival,readout_biased_1p5pct,0.004,0.002,0.015,True,physics_feature_disabled,7,160,0,0.0,0.0,0.0,0.3125,1.0,8.937536971643567
dla_parity,n4_even_signal,4,0011,6,parity_survival,readout_biased_1p5pct,0.004,0.002,0.015,True,physics_feature_disabled,8,160,1,0.00625,0.0,0.018461658747893343,0.28125,1.0,7.808204973116517
dla_parity,n4_even_signal,4,0011,6,parity_survival,readout_biased_1p5pct,0.004,0.002,0.015,True,physics_feature_disabled,9,160,0,0.0,0.0,0.0,0.2625,1.0,7.539193145930767
dla_parity,n4_even_signal,4,0011,6,parity_survival,readout_biased_1p5pct,0.004,0.002,0.015,True,physics_feature_disabled,10,160,1,0.00625,0.0,0.018461658747893343,0.375,1.0,9.027950000017881
dla_parity,n4_even_signal,4,0011,6,parity_survival,readout_biased_1p5pct,0.004,0.002,0.015,True,physics_feature_disabled,11,160,4,0.025,0.0008081883687889174,0.049191811631211085,0.2875,1.0,8.86359391734004
dla_parity,n4_even_signal,4,0011,6,parity_survival,readout_biased_1p5pct,0.004,0.002,0.015,True,physics_feature_disabled,12,160,0,0.0,0.0,0.0,0.3375,1.0,9.081939933821559
dla_parity,n4_even_signal,4,0011,6,parity_survival,readout_biased_1p5pct,0.004,0.002,0.015,True,physics_feature_disabled,13,160,1,0.00625,0.0,0.018461658747893343,0.26875,1.0,8.517298148944974
dla_parity,n4_even_signal,4,0011,6,parity_survival,readout_biased_1p5pct,0.004,0.002,0.015,True,physics_feature_disabled,14,160,1,0.00625,0.0,0.018461658747893343,0.325,1.0,9.299071040004492
dla_parity,n4_even_signal,4,0011,6,parity_survival,readout_biased_1p5pct,0.004,0.002,0.015,True,physics_feature_disabled,15,160,0,0.0,0.0,0.0,0.3625,1.0,8.66675190627575
dla_parity,n4_even_signal,4,0011,6,parity_survival,readout_biased_1p5pct,0.004,0.002,0.015,True,physics_feature_disabled,16,160,2,0.0125,0.0,0.029715499920130114,0.3,1.0,7.925589801743627
dla_parity,n4_even_signal,4,0011,6,parity_survival,readout_biased_1p5pct,0.004,0.002,0.015,True,physics_feature_disabled,17,160,3,0.01875,0.0,0.03976776592254752,0.3625,1.0,9.506973903626204
dla_parity,n4_even_signal,4,0011,6,parity_survival,readout_biased_1p5pct,0.004,0.002,0.015,True,physics_feature_disabled,18,160,2,0.0125,0.0,0.029715499920130114,0.36875,1.0,9.634373942390084
dla_parity,n4_even_signal,4,0011,6,parity_survival,readout_biased_1p5pct,0.004,0.002,0.015,True,physics_feature_disabled,19,160,4,0.025,0.0008081883687889174,0.049191811631211085,0.33125,1.0,12.749419081956148
dla_parity,n4_odd_signal,4,0001,6,parity_survival,ideal,0.0,0.0,0.0,False,unencoded_physical,0,160,0,0.0,0.0,0.0,0.0,1.0,0.6814429070800543
dla_parity,n4_odd_signal,4,0001,6,parity_survival,ideal,0.0,0.0,0.0,False,unencoded_physical,1,160,0,0.0,0.0,0.0,0.0,1.0,0.6011330988258123
dla_parity,n4_odd_signal,4,0001,6,parity_survival,ideal,0.0,0.0,0.0,False,unencoded_physical,2,160,0,0.0,0.0,0.0,0.0,1.0,0.6556129083037376
dla_parity,n4_odd_signal,4,0001,6,parity_survival,ideal,0.0,0.0,0.0,False,unencoded_physical,3,160,0,0.0,0.0,0.0,0.0,1.0,0.6463797762989998
dla_parity,n4_odd_signal,4,0001,6,parity_survival,ideal,0.0,0.0,0.0,False,unencoded_physical,4,160,0,0.0,0.0,0.0,0.0,1.0,0.7074750028550625
dla_parity,n4_odd_signal,4,0001,6,parity_survival,ideal,0.0,0.0,0.0,False,unencoded_physical,5,160,0,0.0,0.0,0.0,0.0,1.0,1.1023259721696377
dla_parity,n4_odd_signal,4,0001,6,parity_survival,ideal,0.0,0.0,0.0,False,unencoded_physical,6,160,0,0.0,0.0,0.0,0.0,1.0,0.7913759909570217
dla_parity,n4_odd_signal,4,0001,6,parity_survival,ideal,0.0,0.0,0.0,False,unencoded_physical,7,160,0,0.0,0.0,0.0,0.0,1.0,0.704973004758358
dla_parity,n4_odd_signal,4,0001,6,parity_survival,ideal,0.0,0.0,0.0,False,unencoded_physical,8,160,0,0.0,0.0,0.0,0.0,1.0,0.6769918836653233
dla_parity,n4_odd_signal,4,0001,6,parity_survival,ideal,0.0,0.0,0.0,False,unencoded_physical,9,160,0,0.0,0.0,0.0,0.0,1.0,0.7902560755610466
dla_parity,n4_odd_signal,4,0001,6,parity_survival,ideal,0.0,0.0,0.0,False,unencoded_physical,10,160,0,0.0,0.0,0.0,0.0,1.0,0.6911400705575943
dla_parity,n4_odd_signal,4,0001,6,parity_survival,ideal,0.0,0.0,0.0,False,unencoded_physical,11,160,0,0.0,0.0,0.0,0.0,1.0,0.5869630258530378
dla_parity,n4_odd_signal,4,0001,6,parity_survival,ideal,0.0,0.0,0.0,False,unencoded_physical,12,160,0,0.0,0.0,0.0,0.0,1.0,0.5809660069644451
dla_parity,n4_odd_signal,4,0001,6,parity_survival,ideal,0.0,0.0,0.0,False,unencoded_physical,13,160,0,0.0,0.0,0.0,0.0,1.0,1.0927659459412098
dla_parity,n4_odd_signal,4,0001,6,parity_survival,ideal,0.0,0.0,0.0,False,unencoded_physical,14,160,0,0.0,0.0,0.0,0.0,1.0,0.9459210559725761
dla_parity,n4_odd_signal,4,0001,6,parity_survival,ideal,0.0,0.0,0.0,False,unencoded_physical,15,160,0,0.0,0.0,0.0,0.0,1.0,0.8698930032551289
dla_parity,n4_odd_signal,4,0001,6,parity_survival,ideal,0.0,0.0,0.0,False,unencoded_physical,16,160,0,0.0,0.0,0.0,0.0,1.0,0.5963949952274561
dla_parity,n4_odd_signal,4,0001,6,parity_survival,ideal,0.0,0.0,0.0,False,unencoded_physical,17,160,0,0.0,0.0,0.0,0.0,1.0,0.5592501256614923
dla_parity,n4_odd_signal,4,0001,6,parity_survival,ideal,0.0,0.0,0.0,False,unencoded_physical,18,160,0,0.0,0.0,0.0,0.0,1.0,0.5725219380110502
dla_parity,n4_odd_signal,4,0001,6,parity_survival,ideal,0.0,0.0,0.0,False,unencoded_physical,19,160,0,0.0,0.0,0.0,0.0,1.0,0.6842678412795067
dla_parity,n4_odd_signal,4,0001,6,parity_survival,ideal,0.0,0.0,0.0,False,standard_mwpm,0,160,0,0.0,0.0,0.0,0.0,1.0,6.056204903870821
dla_parity,n4_odd_signal,4,0001,6,parity_survival,ideal,0.0,0.0,0.0,False,standard_mwpm,1,160,0,0.0,0.0,0.0,0.0,1.0,5.306429928168654
dla_parity,n4_odd_signal,4,0001,6,parity_survival,ideal,0.0,0.0,0.0,False,standard_mwpm,2,160,0,0.0,0.0,0.0,0.0,1.0,4.886806942522526
dla_parity,n4_odd_signal,4,0001,6,parity_survival,ideal,0.0,0.0,0.0,False,standard_mwpm,3,160,0,0.0,0.0,0.0,0.0,1.0,4.8016211949288845
dla_parity,n4_odd_signal,4,0001,6,parity_survival,ideal,0.0,0.0,0.0,False,standard_mwpm,4,160,0,0.0,0.0,0.0,0.0,1.0,4.4685478787869215
dla_parity,n4_odd_signal,4,0001,6,parity_survival,ideal,0.0,0.0,0.0,False,standard_mwpm,5,160,0,0.0,0.0,0.0,0.0,1.0,4.366273060441017
dla_parity,n4_odd_signal,4,0001,6,parity_survival,ideal,0.0,0.0,0.0,False,standard_mwpm,6,160,0,0.0,0.0,0.0,0.0,1.0,7.23402900621295
dla_parity,n4_odd_signal,4,0001,6,parity_survival,ideal,0.0,0.0,0.0,False,standard_mwpm,7,160,0,0.0,0.0,0.0,0.0,1.0,5.308001069352031
dla_parity,n4_odd_signal,4,0001,6,parity_survival,ideal,0.0,0.0,0.0,False,standard_mwpm,8,160,0,0.0,0.0,0.0,0.0,1.0,5.307570099830627
dla_parity,n4_odd_signal,4,0001,6,parity_survival,ideal,0.0,0.0,0.0,False,standard_mwpm,9,160,0,0.0,0.0,0.0,0.0,1.0,4.456727998331189
dla_parity,n4_odd_signal,4,0001,6,parity_survival,ideal,0.0,0.0,0.0,False,standard_mwpm,10,160,0,0.0,0.0,0.0,0.0,1.0,7.246417924761772
dla_parity,n4_odd_signal,4,0001,6,parity_survival,ideal,0.0,0.0,0.0,False,standard_mwpm,11,160,0,0.0,0.0,0.0,0.0,1.0,4.905027104541659
dla_parity,n4_odd_signal,4,0001,6,parity_survival,ideal,0.0,0.0,0.0,False,standard_mwpm,12,160,0,0.0,0.0,0.0,0.0,1.0,5.043533863499761
dla_parity,n4_odd_signal,4,0001,6,parity_survival,ideal,0.0,0.0,0.0,False,standard_mwpm,13,160,0,0.0,0.0,0.0,0.0,1.0,4.3846070766448975
dla_parity,n4_odd_signal,4,0001,6,parity_survival,ideal,0.0,0.0,0.0,False,standard_mwpm,14,160,0,0.0,0.0,0.0,0.0,1.0,4.454829962924123
dla_parity,n4_odd_signal,4,0001,6,parity_survival,ideal,0.0,0.0,0.0,False,standard_mwpm,15,160,0,0.0,0.0,0.0,0.0,1.0,4.282546928152442
dla_parity,n4_odd_signal,4,0001,6,parity_survival,ideal,0.0,0.0,0.0,False,standard_mwpm,16,160,0,0.0,0.0,0.0,0.0,1.0,4.346701083704829
dla_parity,n4_odd_signal,4,0001,6,parity_survival,ideal,0.0,0.0,0.0,False,standard_mwpm,17,160,0,0.0,0.0,0.0,0.0,1.0,4.831275902688503
dla_parity,n4_odd_signal,4,0001,6,parity_survival,ideal,0.0,0.0,0.0,False,standard_mwpm,18,160,0,0.0,0.0,0.0,0.0,1.0,4.565641051158309
dla_parity,n4_odd_signal,4,0001,6,parity_survival,ideal,0.0,0.0,0.0,False,standard_mwpm,19,160,0,0.0,0.0,0.0,0.0,1.0,5.0469080451875925
dla_parity,n4_odd_signal,4,0001,6,parity_survival,ideal,0.0,0.0,0.0,False,physics_aware_mwpm,0,160,0,0.0,0.0,0.0,0.0,1.0,4.7720628790557384
dla_parity,n4_odd_signal,4,0001,6,parity_survival,ideal,0.0,0.0,0.0,False,physics_aware_mwpm,1,160,0,0.0,0.0,0.0,0.0,1.0,5.207292968407273
dla_parity,n4_odd_signal,4,0001,6,parity_survival,ideal,0.0,0.0,0.0,False,physics_aware_mwpm,2,160,0,0.0,0.0,0.0,0.0,1.0,5.291800945997238
dla_parity,n4_odd_signal,4,0001,6,parity_survival,ideal,0.0,0.0,0.0,False,physics_aware_mwpm,3,160,0,0.0,0.0,0.0,0.0,1.0,5.172942997887731
dla_parity,n4_odd_signal,4,0001,6,parity_survival,ideal,0.0,0.0,0.0,False,physics_aware_mwpm,4,160,0,0.0,0.0,0.0,0.0,1.0,4.939241101965308
dla_parity,n4_odd_signal,4,0001,6,parity_survival,ideal,0.0,0.0,0.0,False,physics_aware_mwpm,5,160,0,0.0,0.0,0.0,0.0,1.0,5.1817880012094975
dla_parity,n4_odd_signal,4,0001,6,parity_survival,ideal,0.0,0.0,0.0,False,physics_aware_mwpm,6,160,0,0.0,0.0,0.0,0.0,1.0,4.321038955822587
dla_parity,n4_odd_signal,4,0001,6,parity_survival,ideal,0.0,0.0,0.0,False,physics_aware_mwpm,7,160,0,0.0,0.0,0.0,0.0,1.0,4.488155012950301
dla_parity,n4_odd_signal,4,0001,6,parity_survival,ideal,0.0,0.0,0.0,False,physics_aware_mwpm,8,160,0,0.0,0.0,0.0,0.0,1.0,4.426455125212669
dla_parity,n4_odd_signal,4,0001,6,parity_survival,ideal,0.0,0.0,0.0,False,physics_aware_mwpm,9,160,0,0.0,0.0,0.0,0.0,1.0,4.789181053638458
dla_parity,n4_odd_signal,4,0001,6,parity_survival,ideal,0.0,0.0,0.0,False,physics_aware_mwpm,10,160,0,0.0,0.0,0.0,0.0,1.0,4.994584945961833
dla_parity,n4_odd_signal,4,0001,6,parity_survival,ideal,0.0,0.0,0.0,False,physics_aware_mwpm,11,160,0,0.0,0.0,0.0,0.0,1.0,5.001382902264595
dla_parity,n4_odd_signal,4,0001,6,parity_survival,ideal,0.0,0.0,0.0,False,physics_aware_mwpm,12,160,0,0.0,0.0,0.0,0.0,1.0,5.387322977185249
dla_parity,n4_odd_signal,4,0001,6,parity_survival,ideal,0.0,0.0,0.0,False,physics_aware_mwpm,13,160,0,0.0,0.0,0.0,0.0,1.0,4.80125704780221
dla_parity,n4_odd_signal,4,0001,6,parity_survival,ideal,0.0,0.0,0.0,False,physics_aware_mwpm,14,160,0,0.0,0.0,0.0,0.0,1.0,4.500715993344784
dla_parity,n4_odd_signal,4,0001,6,parity_survival,ideal,0.0,0.0,0.0,False,physics_aware_mwpm,15,160,0,0.0,0.0,0.0,0.0,1.0,4.438689909875393
dla_parity,n4_odd_signal,4,0001,6,parity_survival,ideal,0.0,0.0,0.0,False,physics_aware_mwpm,16,160,0,0.0,0.0,0.0,0.0,1.0,4.539228044450283
dla_parity,n4_odd_signal,4,0001,6,parity_survival,ideal,0.0,0.0,0.0,False,physics_aware_mwpm,17,160,0,0.0,0.0,0.0,0.0,1.0,4.839752102270722
dla_parity,n4_odd_signal,4,0001,6,parity_survival,ideal,0.0,0.0,0.0,False,physics_aware_mwpm,18,160,0,0.0,0.0,0.0,0.0,1.0,4.347498062998056
dla_parity,n4_odd_signal,4,0001,6,parity_survival,ideal,0.0,0.0,0.0,False,physics_aware_mwpm,19,160,0,0.0,0.0,0.0,0.0,1.0,4.4061969965696335
dla_parity,n4_odd_signal,4,0001,6,parity_survival,ideal,0.0,0.0,0.0,False,physics_feature_disabled,0,160,0,0.0,0.0,0.0,0.0,1.0,4.263812908902764
dla_parity,n4_odd_signal,4,0001,6,parity_survival,ideal,0.0,0.0,0.0,False,physics_feature_disabled,1,160,0,0.0,0.0,0.0,0.0,1.0,4.438412142917514
dla_parity,n4_odd_signal,4,0001,6,parity_survival,ideal,0.0,0.0,0.0,False,physics_feature_disabled,2,160,0,0.0,0.0,0.0,0.0,1.0,4.309562966227531
dla_parity,n4_odd_signal,4,0001,6,parity_survival,ideal,0.0,0.0,0.0,False,physics_feature_disabled,3,160,0,0.0,0.0,0.0,0.0,1.0,4.2298040352761745
dla_parity,n4_odd_signal,4,0001,6,parity_survival,ideal,0.0,0.0,0.0,False,physics_feature_disabled,4,160,0,0.0,0.0,0.0,0.0,1.0,5.097599932923913
dla_parity,n4_odd_signal,4,0001,6,parity_survival,ideal,0.0,0.0,0.0,False,physics_feature_disabled,5,160,0,0.0,0.0,0.0,0.0,1.0,4.788294900208712
dla_parity,n4_odd_signal,4,0001,6,parity_survival,ideal,0.0,0.0,0.0,False,physics_feature_disabled,6,160,0,0.0,0.0,0.0,0.0,1.0,5.207011941820383
dla_parity,n4_odd_signal,4,0001,6,parity_survival,ideal,0.0,0.0,0.0,False,physics_feature_disabled,7,160,0,0.0,0.0,0.0,0.0,1.0,5.488354945555329
dla_parity,n4_odd_signal,4,0001,6,parity_survival,ideal,0.0,0.0,0.0,False,physics_feature_disabled,8,160,0,0.0,0.0,0.0,0.0,1.0,4.414309980347753
dla_parity,n4_odd_signal,4,0001,6,parity_survival,ideal,0.0,0.0,0.0,False,physics_feature_disabled,9,160,0,0.0,0.0,0.0,0.0,1.0,4.767610924318433
dla_parity,n4_odd_signal,4,0001,6,parity_survival,ideal,0.0,0.0,0.0,False,physics_feature_disabled,10,160,0,0.0,0.0,0.0,0.0,1.0,4.54042898491025
dla_parity,n4_odd_signal,4,0001,6,parity_survival,ideal,0.0,0.0,0.0,False,physics_feature_disabled,11,160,0,0.0,0.0,0.0,0.0,1.0,4.307743860408664
dla_parity,n4_odd_signal,4,0001,6,parity_survival,ideal,0.0,0.0,0.0,False,physics_feature_disabled,12,160,0,0.0,0.0,0.0,0.0,1.0,4.3440209701657295
dla_parity,n4_odd_signal,4,0001,6,parity_survival,ideal,0.0,0.0,0.0,False,physics_feature_disabled,13,160,0,0.0,0.0,0.0,0.0,1.0,4.414469934999943
dla_parity,n4_odd_signal,4,0001,6,parity_survival,ideal,0.0,0.0,0.0,False,physics_feature_disabled,14,160,0,0.0,0.0,0.0,0.0,1.0,4.443726036697626
dla_parity,n4_odd_signal,4,0001,6,parity_survival,ideal,0.0,0.0,0.0,False,physics_feature_disabled,15,160,0,0.0,0.0,0.0,0.0,1.0,5.364828044548631
dla_parity,n4_odd_signal,4,0001,6,parity_survival,ideal,0.0,0.0,0.0,False,physics_feature_disabled,16,160,0,0.0,0.0,0.0,0.0,1.0,5.754498997703195
dla_parity,n4_odd_signal,4,0001,6,parity_survival,ideal,0.0,0.0,0.0,False,physics_feature_disabled,17,160,0,0.0,0.0,0.0,0.0,1.0,5.6772439274936914
dla_parity,n4_odd_signal,4,0001,6,parity_survival,ideal,0.0,0.0,0.0,False,physics_feature_disabled,18,160,0,0.0,0.0,0.0,0.0,1.0,4.517439985647798
dla_parity,n4_odd_signal,4,0001,6,parity_survival,ideal,0.0,0.0,0.0,False,physics_feature_disabled,19,160,0,0.0,0.0,0.0,0.0,1.0,5.021009128540754
dla_parity,n4_odd_signal,4,0001,6,parity_survival,depolarising_1pct,0.01,0.01,0.01,True,unencoded_physical,0,160,12,0.075,0.03418708844005367,0.11581291155994633,0.0,1.0,0.6659149657934904
dla_parity,n4_odd_signal,4,0001,6,parity_survival,depolarising_1pct,0.01,0.01,0.01,True,unencoded_physical,1,160,10,0.0625,0.02499218831363259,0.10000781168636741,0.0,1.0,0.6611540447920561
dla_parity,n4_odd_signal,4,0001,6,parity_survival,depolarising_1pct,0.01,0.01,0.01,True,unencoded_physical,2,160,7,0.04375,0.012056453979161622,0.07544354602083837,0.0,1.0,0.47487509436905384
dla_parity,n4_odd_signal,4,0001,6,parity_survival,depolarising_1pct,0.01,0.01,0.01,True,unencoded_physical,3,160,6,0.0375,0.008061743640290105,0.06693825635970989,0.0,1.0,0.4725358448922634
dla_parity,n4_odd_signal,4,0001,6,parity_survival,depolarising_1pct,0.01,0.01,0.01,True,unencoded_physical,4,160,10,0.0625,0.02499218831363259,0.10000781168636741,0.0,1.0,0.450716819614172
dla_parity,n4_odd_signal,4,0001,6,parity_survival,depolarising_1pct,0.01,0.01,0.01,True,unencoded_physical,5,160,14,0.0875,0.04371588829837928,0.13128411170162071,0.0,1.0,0.4974731709808111
dla_parity,n4_odd_signal,4,0001,6,parity_survival,depolarising_1pct,0.01,0.01,0.01,True,unencoded_physical,6,160,14,0.0875,0.04371588829837928,0.13128411170162071,0.0,1.0,0.57643698528409
dla_parity,n4_odd_signal,4,0001,6,parity_survival,depolarising_1pct,0.01,0.01,0.01,True,unencoded_physical,7,160,7,0.04375,0.012056453979161622,0.07544354602083837,0.0,1.0,0.48328982666134834
dla_parity,n4_odd_signal,4,0001,6,parity_survival,depolarising_1pct,0.01,0.01,0.01,True,unencoded_physical,8,160,9,0.05625,0.02054855241905449,0.0919514475809455,0.0,1.0,0.461918069049716
dla_parity,n4_odd_signal,4,0001,6,parity_survival,depolarising_1pct,0.01,0.01,0.01,True,unencoded_physical,9,160,9,0.05625,0.02054855241905449,0.0919514475809455,0.0,1.0,0.4695469979196787
dla_parity,n4_odd_signal,4,0001,6,parity_survival,depolarising_1pct,0.01,0.01,0.01,True,unencoded_physical,10,160,12,0.075,0.03418708844005367,0.11581291155994633,0.0,1.0,0.5095340311527252
dla_parity,n4_odd_signal,4,0001,6,parity_survival,depolarising_1pct,0.01,0.01,0.01,True,unencoded_physical,11,160,11,0.06875,0.02954282292264592,0.10795717707735408,0.0,1.0,0.5713950376957655
dla_parity,n4_odd_signal,4,0001,6,parity_survival,depolarising_1pct,0.01,0.01,0.01,True,unencoded_physical,12,160,16,0.1,0.053514518395524825,0.1464854816044752,0.0,1.0,0.5694138817489147
dla_parity,n4_odd_signal,4,0001,6,parity_survival,depolarising_1pct,0.01,0.01,0.01,True,unencoded_physical,13,160,11,0.06875,0.02954282292264592,0.10795717707735408,0.0,1.0,0.503953080624342
dla_parity,n4_odd_signal,4,0001,6,parity_survival,depolarising_1pct,0.01,0.01,0.01,True,unencoded_physical,14,160,10,0.0625,0.02499218831363259,0.10000781168636741,0.0,1.0,0.48088282346725464
dla_parity,n4_odd_signal,4,0001,6,parity_survival,depolarising_1pct,0.01,0.01,0.01,True,unencoded_physical,15,160,11,0.06875,0.02954282292264592,0.10795717707735408,0.0,1.0,0.47963811084628105
dla_parity,n4_odd_signal,4,0001,6,parity_survival,depolarising_1pct,0.01,0.01,0.01,True,unencoded_physical,16,160,13,0.08125,0.0389143296453806,0.1235856703546194,0.0,1.0,0.4683728329837322
dla_parity,n4_odd_signal,4,0001,6,parity_survival,depolarising_1pct,0.01,0.01,0.01,True,unencoded_physical,17,160,13,0.08125,0.0389143296453806,0.1235856703546194,0.0,1.0,0.45184209011495113
dla_parity,n4_odd_signal,4,0001,6,parity_survival,depolarising_1pct,0.01,0.01,0.01,True,unencoded_physical,18,160,18,0.1125,0.06353829621530721,0.1614617037846928,0.0,1.0,0.47205807641148567
dla_parity,n4_odd_signal,4,0001,6,parity_survival,depolarising_1pct,0.01,0.01,0.01,True,unencoded_physical,19,160,8,0.05,0.016229080557378962,0.08377091944262105,0.0,1.0,0.424850033596158
dla_parity,n4_odd_signal,4,0001,6,parity_survival,depolarising_1pct,0.01,0.01,0.01,True,standard_mwpm,0,160,0,0.0,0.0,0.0,0.45625,1.0,10.319699067622423
dla_parity,n4_odd_signal,4,0001,6,parity_survival,depolarising_1pct,0.01,0.01,0.01,True,standard_mwpm,1,160,3,0.01875,0.0,0.03976776592254752,0.35,1.0,8.773971116170287
dla_parity,n4_odd_signal,4,0001,6,parity_survival,depolarising_1pct,0.01,0.01,0.01,True,standard_mwpm,2,160,4,0.025,0.0008081883687889174,0.049191811631211085,0.3875,1.0,10.238535003736615
dla_parity,n4_odd_signal,4,0001,6,parity_survival,depolarising_1pct,0.01,0.01,0.01,True,standard_mwpm,3,160,4,0.025,0.0008081883687889174,0.049191811631211085,0.4375,1.0,10.574453044682741
dla_parity,n4_odd_signal,4,0001,6,parity_survival,depolarising_1pct,0.01,0.01,0.01,True,standard_mwpm,4,160,1,0.00625,0.0,0.018461658747893343,0.3875,1.0,10.855572065338492
dla_parity,n4_odd_signal,4,0001,6,parity_survival,depolarising_1pct,0.01,0.01,0.01,True,standard_mwpm,5,160,2,0.0125,0.0,0.029715499920130114,0.40625,1.0,11.126148048788309
dla_parity,n4_odd_signal,4,0001,6,parity_survival,depolarising_1pct,0.01,0.01,0.01,True,standard_mwpm,6,160,1,0.00625,0.0,0.018461658747893343,0.45625,1.0,10.157251032069325
dla_parity,n4_odd_signal,4,0001,6,parity_survival,depolarising_1pct,0.01,0.01,0.01,True,standard_mwpm,7,160,0,0.0,0.0,0.0,0.40625,1.0,9.668822167441249
dla_parity,n4_odd_signal,4,0001,6,parity_survival,depolarising_1pct,0.01,0.01,0.01,True,standard_mwpm,8,160,2,0.0125,0.0,0.029715499920130114,0.3875,1.0,10.210624895989895
dla_parity,n4_odd_signal,4,0001,6,parity_survival,depolarising_1pct,0.01,0.01,0.01,True,standard_mwpm,9,160,0,0.0,0.0,0.0,0.40625,1.0,10.36855299025774
dla_parity,n4_odd_signal,4,0001,6,parity_survival,depolarising_1pct,0.01,0.01,0.01,True,standard_mwpm,10,160,2,0.0125,0.0,0.029715499920130114,0.475,1.0,11.615637922659516
dla_parity,n4_odd_signal,4,0001,6,parity_survival,depolarising_1pct,0.01,0.01,0.01,True,standard_mwpm,11,160,4,0.025,0.0008081883687889174,0.049191811631211085,0.375,1.0,10.081804124638438
dla_parity,n4_odd_signal,4,0001,6,parity_survival,depolarising_1pct,0.01,0.01,0.01,True,standard_mwpm,12,160,0,0.0,0.0,0.0,0.4625,1.0,12.198181124404073
dla_parity,n4_odd_signal,4,0001,6,parity_survival,depolarising_1pct,0.01,0.01,0.01,True,standard_mwpm,13,160,1,0.00625,0.0,0.018461658747893343,0.375,1.0,9.206471964716911
dla_parity,n4_odd_signal,4,0001,6,parity_survival,depolarising_1pct,0.01,0.01,0.01,True,standard_mwpm,14,160,1,0.00625,0.0,0.018461658747893343,0.41875,1.0,10.284086922183633
dla_parity,n4_odd_signal,4,0001,6,parity_survival,depolarising_1pct,0.01,0.01,0.01,True,standard_mwpm,15,160,1,0.00625,0.0,0.018461658747893343,0.49375,1.0,13.146255863830447
dla_parity,n4_odd_signal,4,0001,6,parity_survival,depolarising_1pct,0.01,0.01,0.01,True,standard_mwpm,16,160,4,0.025,0.0008081883687889174,0.049191811631211085,0.39375,1.0,12.210681103169918
dla_parity,n4_odd_signal,4,0001,6,parity_survival,depolarising_1pct,0.01,0.01,0.01,True,standard_mwpm,17,160,4,0.025,0.0008081883687889174,0.049191811631211085,0.49375,1.0,11.39107788912952
dla_parity,n4_odd_signal,4,0001,6,parity_survival,depolarising_1pct,0.01,0.01,0.01,True,standard_mwpm,18,160,3,0.01875,0.0,0.03976776592254752,0.46875,1.0,10.304745053872466
dla_parity,n4_odd_signal,4,0001,6,parity_survival,depolarising_1pct,0.01,0.01,0.01,True,standard_mwpm,19,160,4,0.025,0.0008081883687889174,0.049191811631211085,0.4,1.0,9.890867862850428
dla_parity,n4_odd_signal,4,0001,6,parity_survival,depolarising_1pct,0.01,0.01,0.01,True,physics_aware_mwpm,0,160,3,0.01875,0.0,0.03976776592254752,0.45625,1.0,12.13030400685966
dla_parity,n4_odd_signal,4,0001,6,parity_survival,depolarising_1pct,0.01,0.01,0.01,True,physics_aware_mwpm,1,160,3,0.01875,0.0,0.03976776592254752,0.35,1.0,11.572235962375998
dla_parity,n4_odd_signal,4,0001,6,parity_survival,depolarising_1pct,0.01,0.01,0.01,True,physics_aware_mwpm,2,160,3,0.01875,0.0,0.03976776592254752,0.3875,1.0,13.653322122991085
dla_parity,n4_odd_signal,4,0001,6,parity_survival,depolarising_1pct,0.01,0.01,0.01,True,physics_aware_mwpm,3,160,4,0.025,0.0008081883687889174,0.049191811631211085,0.4375,1.0,10.261332150548697
dla_parity,n4_odd_signal,4,0001,6,parity_survival,depolarising_1pct,0.01,0.01,0.01,True,physics_aware_mwpm,4,160,3,0.01875,0.0,0.03976776592254752,0.3875,1.0,9.845987893640995
dla_parity,n4_odd_signal,4,0001,6,parity_survival,depolarising_1pct,0.01,0.01,0.01,True,physics_aware_mwpm,5,160,4,0.025,0.0008081883687889174,0.049191811631211085,0.40625,1.0,10.11695503257215
dla_parity,n4_odd_signal,4,0001,6,parity_survival,depolarising_1pct,0.01,0.01,0.01,True,physics_aware_mwpm,6,160,2,0.0125,0.0,0.029715499920130114,0.45625,1.0,10.895482962951064
dla_parity,n4_odd_signal,4,0001,6,parity_survival,depolarising_1pct,0.01,0.01,0.01,True,physics_aware_mwpm,7,160,2,0.0125,0.0,0.029715499920130114,0.40625,1.0,10.955146048218012
dla_parity,n4_odd_signal,4,0001,6,parity_survival,depolarising_1pct,0.01,0.01,0.01,True,physics_aware_mwpm,8,160,5,0.03125,0.0042895616805846415,0.05821043831941536,0.3875,1.0,10.014371946454048
dla_parity,n4_odd_signal,4,0001,6,parity_survival,depolarising_1pct,0.01,0.01,0.01,True,physics_aware_mwpm,9,160,2,0.0125,0.0,0.029715499920130114,0.40625,1.0,9.852558141574264
dla_parity,n4_odd_signal,4,0001,6,parity_survival,depolarising_1pct,0.01,0.01,0.01,True,physics_aware_mwpm,10,160,4,0.025,0.0008081883687889174,0.049191811631211085,0.475,1.0,11.498763924464583
dla_parity,n4_odd_signal,4,0001,6,parity_survival,depolarising_1pct,0.01,0.01,0.01,True,physics_aware_mwpm,11,160,6,0.0375,0.008061743640290105,0.06693825635970989,0.375,1.0,9.258498903363943
dla_parity,n4_odd_signal,4,0001,6,parity_survival,depolarising_1pct,0.01,0.01,0.01,True,physics_aware_mwpm,12,160,3,0.01875,0.0,0.03976776592254752,0.4625,1.0,12.494637165218592
dla_parity,n4_odd_signal,4,0001,6,parity_survival,depolarising_1pct,0.01,0.01,0.01,True,physics_aware_mwpm,13,160,3,0.01875,0.0,0.03976776592254752,0.375,1.0,12.01700302772224
dla_parity,n4_odd_signal,4,0001,6,parity_survival,depolarising_1pct,0.01,0.01,0.01,True,physics_aware_mwpm,14,160,4,0.025,0.0008081883687889174,0.049191811631211085,0.41875,1.0,11.897393967956305
dla_parity,n4_odd_signal,4,0001,6,parity_survival,depolarising_1pct,0.01,0.01,0.01,True,physics_aware_mwpm,15,160,5,0.03125,0.0042895616805846415,0.05821043831941536,0.49375,1.0,11.328056920319796
dla_parity,n4_odd_signal,4,0001,6,parity_survival,depolarising_1pct,0.01,0.01,0.01,True,physics_aware_mwpm,16,160,5,0.03125,0.0042895616805846415,0.05821043831941536,0.39375,1.0,9.650173131376505
dla_parity,n4_odd_signal,4,0001,6,parity_survival,depolarising_1pct,0.01,0.01,0.01,True,physics_aware_mwpm,17,160,6,0.0375,0.008061743640290105,0.06693825635970989,0.49375,1.0,13.964822981506586
dla_parity,n4_odd_signal,4,0001,6,parity_survival,depolarising_1pct,0.01,0.01,0.01,True,physics_aware_mwpm,18,160,6,0.0375,0.008061743640290105,0.06693825635970989,0.46875,1.0,11.31663704290986
dla_parity,n4_odd_signal,4,0001,6,parity_survival,depolarising_1pct,0.01,0.01,0.01,True,physics_aware_mwpm,19,160,6,0.0375,0.008061743640290105,0.06693825635970989,0.4,1.0,10.656901868060231
dla_parity,n4_odd_signal,4,0001,6,parity_survival,depolarising_1pct,0.01,0.01,0.01,True,physics_feature_disabled,0,160,0,0.0,0.0,0.0,0.45625,1.0,10.259021073579788
dla_parity,n4_odd_signal,4,0001,6,parity_survival,depolarising_1pct,0.01,0.01,0.01,True,physics_feature_disabled,1,160,3,0.01875,0.0,0.03976776592254752,0.35,1.0,8.665917906910181
dla_parity,n4_odd_signal,4,0001,6,parity_survival,depolarising_1pct,0.01,0.01,0.01,True,physics_feature_disabled,2,160,4,0.025,0.0008081883687889174,0.049191811631211085,0.3875,1.0,9.793106000870466
dla_parity,n4_odd_signal,4,0001,6,parity_survival,depolarising_1pct,0.01,0.01,0.01,True,physics_feature_disabled,3,160,4,0.025,0.0008081883687889174,0.049191811631211085,0.4375,1.0,10.67210198380053
dla_parity,n4_odd_signal,4,0001,6,parity_survival,depolarising_1pct,0.01,0.01,0.01,True,physics_feature_disabled,4,160,1,0.00625,0.0,0.018461658747893343,0.3875,1.0,10.231239954009652
dla_parity,n4_odd_signal,4,0001,6,parity_survival,depolarising_1pct,0.01,0.01,0.01,True,physics_feature_disabled,5,160,2,0.0125,0.0,0.029715499920130114,0.40625,1.0,10.377343045547605
dla_parity,n4_odd_signal,4,0001,6,parity_survival,depolarising_1pct,0.01,0.01,0.01,True,physics_feature_disabled,6,160,1,0.00625,0.0,0.018461658747893343,0.45625,1.0,9.960528928786516
dla_parity,n4_odd_signal,4,0001,6,parity_survival,depolarising_1pct,0.01,0.01,0.01,True,physics_feature_disabled,7,160,0,0.0,0.0,0.0,0.40625,1.0,9.324308019131422
dla_parity,n4_odd_signal,4,0001,6,parity_survival,depolarising_1pct,0.01,0.01,0.01,True,physics_feature_disabled,8,160,2,0.0125,0.0,0.029715499920130114,0.3875,1.0,9.551757015287876
dla_parity,n4_odd_signal,4,0001,6,parity_survival,depolarising_1pct,0.01,0.01,0.01,True,physics_feature_disabled,9,160,0,0.0,0.0,0.0,0.40625,1.0,9.720636997371912
dla_parity,n4_odd_signal,4,0001,6,parity_survival,depolarising_1pct,0.01,0.01,0.01,True,physics_feature_disabled,10,160,2,0.0125,0.0,0.029715499920130114,0.475,1.0,12.466111918911338
dla_parity,n4_odd_signal,4,0001,6,parity_survival,depolarising_1pct,0.01,0.01,0.01,True,physics_feature_disabled,11,160,4,0.025,0.0008081883687889174,0.049191811631211085,0.375,1.0,10.1715880446136
dla_parity,n4_odd_signal,4,0001,6,parity_survival,depolarising_1pct,0.01,0.01,0.01,True,physics_feature_disabled,12,160,0,0.0,0.0,0.0,0.4625,1.0,10.387849062681198
dla_parity,n4_odd_signal,4,0001,6,parity_survival,depolarising_1pct,0.01,0.01,0.01,True,physics_feature_disabled,13,160,1,0.00625,0.0,0.018461658747893343,0.375,1.0,9.236320154741406
dla_parity,n4_odd_signal,4,0001,6,parity_survival,depolarising_1pct,0.01,0.01,0.01,True,physics_feature_disabled,14,160,1,0.00625,0.0,0.018461658747893343,0.41875,1.0,9.692996041849256
dla_parity,n4_odd_signal,4,0001,6,parity_survival,depolarising_1pct,0.01,0.01,0.01,True,physics_feature_disabled,15,160,1,0.00625,0.0,0.018461658747893343,0.49375,1.0,11.987230041995645
dla_parity,n4_odd_signal,4,0001,6,parity_survival,depolarising_1pct,0.01,0.01,0.01,True,physics_feature_disabled,16,160,4,0.025,0.0008081883687889174,0.049191811631211085,0.39375,1.0,10.229473933577538
dla_parity,n4_odd_signal,4,0001,6,parity_survival,depolarising_1pct,0.01,0.01,0.01,True,physics_feature_disabled,17,160,4,0.025,0.0008081883687889174,0.049191811631211085,0.49375,1.0,11.936530005186796
dla_parity,n4_odd_signal,4,0001,6,parity_survival,depolarising_1pct,0.01,0.01,0.01,True,physics_feature_disabled,18,160,3,0.01875,0.0,0.03976776592254752,0.46875,1.0,10.12809295207262
dla_parity,n4_odd_signal,4,0001,6,parity_survival,depolarising_1pct,0.01,0.01,0.01,True,physics_feature_disabled,19,160,4,0.025,0.0008081883687889174,0.049191811631211085,0.4,1.0,9.646479040384293
dla_parity,n4_odd_signal,4,0001,6,parity_survival,readout_biased_1p5pct,0.004,0.002,0.015,True,unencoded_physical,0,160,14,0.0875,0.04371588829837928,0.13128411170162071,0.0,1.0,0.6285081617534161
dla_parity,n4_odd_signal,4,0001,6,parity_survival,readout_biased_1p5pct,0.004,0.002,0.015,True,unencoded_physical,1,160,9,0.05625,0.02054855241905449,0.0919514475809455,0.0,1.0,0.4624039866030216
dla_parity,n4_odd_signal,4,0001,6,parity_survival,readout_biased_1p5pct,0.004,0.002,0.015,True,unencoded_physical,2,160,7,0.04375,0.012056453979161622,0.07544354602083837,0.0,1.0,0.4684319719672203
dla_parity,n4_odd_signal,4,0001,6,parity_survival,readout_biased_1p5pct,0.004,0.002,0.015,True,unencoded_physical,3,160,5,0.03125,0.0042895616805846415,0.05821043831941536,0.0,1.0,0.46094716526567936
dla_parity,n4_odd_signal,4,0001,6,parity_survival,readout_biased_1p5pct,0.004,0.002,0.015,True,unencoded_physical,4,160,10,0.0625,0.02499218831363259,0.10000781168636741,0.0,1.0,0.45931804925203323
dla_parity,n4_odd_signal,4,0001,6,parity_survival,readout_biased_1p5pct,0.004,0.002,0.015,True,unencoded_physical,5,160,14,0.0875,0.04371588829837928,0.13128411170162071,0.0,1.0,0.4644689615815878
dla_parity,n4_odd_signal,4,0001,6,parity_survival,readout_biased_1p5pct,0.004,0.002,0.015,True,unencoded_physical,6,160,13,0.08125,0.0389143296453806,0.1235856703546194,0.0,1.0,0.45094406232237816
dla_parity,n4_odd_signal,4,0001,6,parity_survival,readout_biased_1p5pct,0.004,0.002,0.015,True,unencoded_physical,7,160,6,0.0375,0.008061743640290105,0.06693825635970989,0.0,1.0,0.4608768504112959
dla_parity,n4_odd_signal,4,0001,6,parity_survival,readout_biased_1p5pct,0.004,0.002,0.015,True,unencoded_physical,8,160,8,0.05,0.016229080557378962,0.08377091944262105,0.0,1.0,0.4563680849969387
dla_parity,n4_odd_signal,4,0001,6,parity_survival,readout_biased_1p5pct,0.004,0.002,0.015,True,unencoded_physical,9,160,9,0.05625,0.02054855241905449,0.0919514475809455,0.0,1.0,0.4575930070132017
dla_parity,n4_odd_signal,4,0001,6,parity_survival,readout_biased_1p5pct,0.004,0.002,0.015,True,unencoded_physical,10,160,11,0.06875,0.02954282292264592,0.10795717707735408,0.0,1.0,0.5269988905638456
dla_parity,n4_odd_signal,4,0001,6,parity_survival,readout_biased_1p5pct,0.004,0.002,0.015,True,unencoded_physical,11,160,6,0.0375,0.008061743640290105,0.06693825635970989,0.0,1.0,0.4642140120267868
dla_parity,n4_odd_signal,4,0001,6,parity_survival,readout_biased_1p5pct,0.004,0.002,0.015,True,unencoded_physical,12,160,15,0.09375,0.048584613813507586,0.1389153861864924,0.0,1.0,0.46781706623733044
dla_parity,n4_odd_signal,4,0001,6,parity_survival,readout_biased_1p5pct,0.004,0.002,0.015,True,unencoded_physical,13,160,11,0.06875,0.02954282292264592,0.10795717707735408,0.0,1.0,0.46032085083425045
dla_parity,n4_odd_signal,4,0001,6,parity_survival,readout_biased_1p5pct,0.004,0.002,0.015,True,unencoded_physical,14,160,10,0.0625,0.02499218831363259,0.10000781168636741,0.0,1.0,0.4569778684526682
dla_parity,n4_odd_signal,4,0001,6,parity_survival,readout_biased_1p5pct,0.004,0.002,0.015,True,unencoded_physical,15,160,11,0.06875,0.02954282292264592,0.10795717707735408,0.0,1.0,0.4633700009435415
dla_parity,n4_odd_signal,4,0001,6,parity_survival,readout_biased_1p5pct,0.004,0.002,0.015,True,unencoded_physical,16,160,12,0.075,0.03418708844005367,0.11581291155994633,0.0,1.0,0.45616598799824715
dla_parity,n4_odd_signal,4,0001,6,parity_survival,readout_biased_1p5pct,0.004,0.002,0.015,True,unencoded_physical,17,160,12,0.075,0.03418708844005367,0.11581291155994633,0.0,1.0,0.46143983490765095
dla_parity,n4_odd_signal,4,0001,6,parity_survival,readout_biased_1p5pct,0.004,0.002,0.015,True,unencoded_physical,18,160,18,0.1125,0.06353829621530721,0.1614617037846928,0.0,1.0,0.46032783575356007
dla_parity,n4_odd_signal,4,0001,6,parity_survival,readout_biased_1p5pct,0.004,0.002,0.015,True,unencoded_physical,19,160,9,0.05625,0.02054855241905449,0.0919514475809455,0.0,1.0,0.4590658936649561
dla_parity,n4_odd_signal,4,0001,6,parity_survival,readout_biased_1p5pct,0.004,0.002,0.015,True,standard_mwpm,0,160,0,0.0,0.0,0.0,0.35,1.0,8.84605199098587
dla_parity,n4_odd_signal,4,0001,6,parity_survival,readout_biased_1p5pct,0.004,0.002,0.015,True,standard_mwpm,1,160,0,0.0,0.0,0.0,0.25,1.0,9.561771992594004
dla_parity,n4_odd_signal,4,0001,6,parity_survival,readout_biased_1p5pct,0.004,0.002,0.015,True,standard_mwpm,2,160,3,0.01875,0.0,0.03976776592254752,0.275,1.0,12.51742709428072
dla_parity,n4_odd_signal,4,0001,6,parity_survival,readout_biased_1p5pct,0.004,0.002,0.015,True,standard_mwpm,3,160,4,0.025,0.0008081883687889174,0.049191811631211085,0.31875,1.0,9.546534856781363
dla_parity,n4_odd_signal,4,0001,6,parity_survival,readout_biased_1p5pct,0.004,0.002,0.015,True,standard_mwpm,4,160,1,0.00625,0.0,0.018461658747893343,0.3125,1.0,10.857349028810859
dla_parity,n4_odd_signal,4,0001,6,parity_survival,readout_biased_1p5pct,0.004,0.002,0.015,True,standard_mwpm,5,160,0,0.0,0.0,0.0,0.33125,1.0,8.620519889518619
dla_parity,n4_odd_signal,4,0001,6,parity_survival,readout_biased_1p5pct,0.004,0.002,0.015,True,standard_mwpm,6,160,1,0.00625,0.0,0.018461658747893343,0.325,1.0,8.710514986887574
dla_parity,n4_odd_signal,4,0001,6,parity_survival,readout_biased_1p5pct,0.004,0.002,0.015,True,standard_mwpm,7,160,0,0.0,0.0,0.0,0.3125,1.0,8.489039959385991
dla_parity,n4_odd_signal,4,0001,6,parity_survival,readout_biased_1p5pct,0.004,0.002,0.015,True,standard_mwpm,8,160,1,0.00625,0.0,0.018461658747893343,0.28125,1.0,10.160912992432714
dla_parity,n4_odd_signal,4,0001,6,parity_survival,readout_biased_1p5pct,0.004,0.002,0.015,True,standard_mwpm,9,160,0,0.0,0.0,0.0,0.2625,1.0,8.488681865856051
dla_parity,n4_odd_signal,4,0001,6,parity_survival,readout_biased_1p5pct,0.004,0.002,0.015,True,standard_mwpm,10,160,1,0.00625,0.0,0.018461658747893343,0.375,1.0,10.590905090793967
dla_parity,n4_odd_signal,4,0001,6,parity_survival,readout_biased_1p5pct,0.004,0.002,0.015,True,standard_mwpm,11,160,4,0.025,0.0008081883687889174,0.049191811631211085,0.2875,1.0,7.997458102181554
dla_parity,n4_odd_signal,4,0001,6,parity_survival,readout_biased_1p5pct,0.004,0.002,0.015,True,standard_mwpm,12,160,0,0.0,0.0,0.0,0.3375,1.0,8.537403075024486
dla_parity,n4_odd_signal,4,0001,6,parity_survival,readout_biased_1p5pct,0.004,0.002,0.015,True,standard_mwpm,13,160,1,0.00625,0.0,0.018461658747893343,0.26875,1.0,7.740487111732364
dla_parity,n4_odd_signal,4,0001,6,parity_survival,readout_biased_1p5pct,0.004,0.002,0.015,True,standard_mwpm,14,160,1,0.00625,0.0,0.018461658747893343,0.325,1.0,10.742864105850458
dla_parity,n4_odd_signal,4,0001,6,parity_survival,readout_biased_1p5pct,0.004,0.002,0.015,True,standard_mwpm,15,160,0,0.0,0.0,0.0,0.3625,1.0,10.04032208584249
dla_parity,n4_odd_signal,4,0001,6,parity_survival,readout_biased_1p5pct,0.004,0.002,0.015,True,standard_mwpm,16,160,2,0.0125,0.0,0.029715499920130114,0.3,1.0,8.562711998820305
dla_parity,n4_odd_signal,4,0001,6,parity_survival,readout_biased_1p5pct,0.004,0.002,0.015,True,standard_mwpm,17,160,3,0.01875,0.0,0.03976776592254752,0.3625,1.0,10.48525283113122
dla_parity,n4_odd_signal,4,0001,6,parity_survival,readout_biased_1p5pct,0.004,0.002,0.015,True,standard_mwpm,18,160,2,0.0125,0.0,0.029715499920130114,0.36875,1.0,9.198575047776103
dla_parity,n4_odd_signal,4,0001,6,parity_survival,readout_biased_1p5pct,0.004,0.002,0.015,True,standard_mwpm,19,160,4,0.025,0.0008081883687889174,0.049191811631211085,0.33125,1.0,8.349601877853274
dla_parity,n4_odd_signal,4,0001,6,parity_survival,readout_biased_1p5pct,0.004,0.002,0.015,True,physics_aware_mwpm,0,160,2,0.0125,0.0,0.029715499920130114,0.35,1.0,10.163328843191266
dla_parity,n4_odd_signal,4,0001,6,parity_survival,readout_biased_1p5pct,0.004,0.002,0.015,True,physics_aware_mwpm,1,160,0,0.0,0.0,0.0,0.25,1.0,9.968732949346304
dla_parity,n4_odd_signal,4,0001,6,parity_survival,readout_biased_1p5pct,0.004,0.002,0.015,True,physics_aware_mwpm,2,160,2,0.0125,0.0,0.029715499920130114,0.275,1.0,8.207104867324233
dla_parity,n4_odd_signal,4,0001,6,parity_survival,readout_biased_1p5pct,0.004,0.002,0.015,True,physics_aware_mwpm,3,160,4,0.025,0.0008081883687889174,0.049191811631211085,0.31875,1.0,9.009597823023796
dla_parity,n4_odd_signal,4,0001,6,parity_survival,readout_biased_1p5pct,0.004,0.002,0.015,True,physics_aware_mwpm,4,160,2,0.0125,0.0,0.029715499920130114,0.3125,1.0,8.309480967000127
dla_parity,n4_odd_signal,4,0001,6,parity_survival,readout_biased_1p5pct,0.004,0.002,0.015,True,physics_aware_mwpm,5,160,1,0.00625,0.0,0.018461658747893343,0.33125,1.0,8.597605163231492
dla_parity,n4_odd_signal,4,0001,6,parity_survival,readout_biased_1p5pct,0.004,0.002,0.015,True,physics_aware_mwpm,6,160,2,0.0125,0.0,0.029715499920130114,0.325,1.0,8.245011093094945
dla_parity,n4_odd_signal,4,0001,6,parity_survival,readout_biased_1p5pct,0.004,0.002,0.015,True,physics_aware_mwpm,7,160,2,0.0125,0.0,0.029715499920130114,0.3125,1.0,8.637562859803438
dla_parity,n4_odd_signal,4,0001,6,parity_survival,readout_biased_1p5pct,0.004,0.002,0.015,True,physics_aware_mwpm,8,160,3,0.01875,0.0,0.03976776592254752,0.28125,1.0,8.456658106297255
dla_parity,n4_odd_signal,4,0001,6,parity_survival,readout_biased_1p5pct,0.004,0.002,0.015,True,physics_aware_mwpm,9,160,1,0.00625,0.0,0.018461658747893343,0.2625,1.0,8.259169990196824
dla_parity,n4_odd_signal,4,0001,6,parity_survival,readout_biased_1p5pct,0.004,0.002,0.015,True,physics_aware_mwpm,10,160,3,0.01875,0.0,0.03976776592254752,0.375,1.0,9.738126071169972
dla_parity,n4_odd_signal,4,0001,6,parity_survival,readout_biased_1p5pct,0.004,0.002,0.015,True,physics_aware_mwpm,11,160,6,0.0375,0.008061743640290105,0.06693825635970989,0.2875,1.0,7.698399014770985
dla_parity,n4_odd_signal,4,0001,6,parity_survival,readout_biased_1p5pct,0.004,0.002,0.015,True,physics_aware_mwpm,12,160,3,0.01875,0.0,0.03976776592254752,0.3375,1.0,8.704328909516335
dla_parity,n4_odd_signal,4,0001,6,parity_survival,readout_biased_1p5pct,0.004,0.002,0.015,True,physics_aware_mwpm,13,160,3,0.01875,0.0,0.03976776592254752,0.26875,1.0,7.670644903555512
dla_parity,n4_odd_signal,4,0001,6,parity_survival,readout_biased_1p5pct,0.004,0.002,0.015,True,physics_aware_mwpm,14,160,3,0.01875,0.0,0.03976776592254752,0.325,1.0,8.15459806472063
dla_parity,n4_odd_signal,4,0001,6,parity_survival,readout_biased_1p5pct,0.004,0.002,0.015,True,physics_aware_mwpm,15,160,3,0.01875,0.0,0.03976776592254752,0.3625,1.0,11.42339687794447
dla_parity,n4_odd_signal,4,0001,6,parity_survival,readout_biased_1p5pct,0.004,0.002,0.015,True,physics_aware_mwpm,16,160,3,0.01875,0.0,0.03976776592254752,0.3,1.0,9.0862768702209
dla_parity,n4_odd_signal,4,0001,6,parity_survival,readout_biased_1p5pct,0.004,0.002,0.015,True,physics_aware_mwpm,17,160,4,0.025,0.0008081883687889174,0.049191811631211085,0.3625,1.0,12.943973997607827
dla_parity,n4_odd_signal,4,0001,6,parity_survival,readout_biased_1p5pct,0.004,0.002,0.015,True,physics_aware_mwpm,18,160,3,0.01875,0.0,0.03976776592254752,0.36875,1.0,8.666117209941149
dla_parity,n4_odd_signal,4,0001,6,parity_survival,readout_biased_1p5pct,0.004,0.002,0.015,True,physics_aware_mwpm,19,160,4,0.025,0.0008081883687889174,0.049191811631211085,0.33125,1.0,8.17865482531488
dla_parity,n4_odd_signal,4,0001,6,parity_survival,readout_biased_1p5pct,0.004,0.002,0.015,True,physics_feature_disabled,0,160,0,0.0,0.0,0.0,0.35,1.0,8.582373149693012
dla_parity,n4_odd_signal,4,0001,6,parity_survival,readout_biased_1p5pct,0.004,0.002,0.015,True,physics_feature_disabled,1,160,0,0.0,0.0,0.0,0.25,1.0,7.798427948728204
dla_parity,n4_odd_signal,4,0001,6,parity_survival,readout_biased_1p5pct,0.004,0.002,0.015,True,physics_feature_disabled,2,160,3,0.01875,0.0,0.03976776592254752,0.275,1.0,8.387577021494508
dla_parity,n4_odd_signal,4,0001,6,parity_survival,readout_biased_1p5pct,0.004,0.002,0.015,True,physics_feature_disabled,3,160,4,0.025,0.0008081883687889174,0.049191811631211085,0.31875,1.0,8.834711974486709
dla_parity,n4_odd_signal,4,0001,6,parity_survival,readout_biased_1p5pct,0.004,0.002,0.015,True,physics_feature_disabled,4,160,1,0.00625,0.0,0.018461658747893343,0.3125,1.0,8.905380964279175
dla_parity,n4_odd_signal,4,0001,6,parity_survival,readout_biased_1p5pct,0.004,0.002,0.015,True,physics_feature_disabled,5,160,0,0.0,0.0,0.0,0.33125,1.0,8.3772880025208
dla_parity,n4_odd_signal,4,0001,6,parity_survival,readout_biased_1p5pct,0.004,0.002,0.015,True,physics_feature_disabled,6,160,1,0.00625,0.0,0.018461658747893343,0.325,1.0,7.99921783618629
dla_parity,n4_odd_signal,4,0001,6,parity_survival,readout_biased_1p5pct,0.004,0.002,0.015,True,physics_feature_disabled,7,160,0,0.0,0.0,0.0,0.3125,1.0,7.893342059105635
dla_parity,n4_odd_signal,4,0001,6,parity_survival,readout_biased_1p5pct,0.004,0.002,0.015,True,physics_feature_disabled,8,160,1,0.00625,0.0,0.018461658747893343,0.28125,1.0,7.756150094792247
dla_parity,n4_odd_signal,4,0001,6,parity_survival,readout_biased_1p5pct,0.004,0.002,0.015,True,physics_feature_disabled,9,160,0,0.0,0.0,0.0,0.2625,1.0,7.641390897333622
dla_parity,n4_odd_signal,4,0001,6,parity_survival,readout_biased_1p5pct,0.004,0.002,0.015,True,physics_feature_disabled,10,160,1,0.00625,0.0,0.018461658747893343,0.375,1.0,9.058829164132476
dla_parity,n4_odd_signal,4,0001,6,parity_survival,readout_biased_1p5pct,0.004,0.002,0.015,True,physics_feature_disabled,11,160,4,0.025,0.0008081883687889174,0.049191811631211085,0.2875,1.0,8.657733909785748
dla_parity,n4_odd_signal,4,0001,6,parity_survival,readout_biased_1p5pct,0.004,0.002,0.015,True,physics_feature_disabled,12,160,0,0.0,0.0,0.0,0.3375,1.0,9.220377076417208
dla_parity,n4_odd_signal,4,0001,6,parity_survival,readout_biased_1p5pct,0.004,0.002,0.015,True,physics_feature_disabled,13,160,1,0.00625,0.0,0.018461658747893343,0.26875,1.0,7.715597981587052
dla_parity,n4_odd_signal,4,0001,6,parity_survival,readout_biased_1p5pct,0.004,0.002,0.015,True,physics_feature_disabled,14,160,1,0.00625,0.0,0.018461658747893343,0.325,1.0,8.007708005607128
dla_parity,n4_odd_signal,4,0001,6,parity_survival,readout_biased_1p5pct,0.004,0.002,0.015,True,physics_feature_disabled,15,160,0,0.0,0.0,0.0,0.3625,1.0,8.798694936558604
dla_parity,n4_odd_signal,4,0001,6,parity_survival,readout_biased_1p5pct,0.004,0.002,0.015,True,physics_feature_disabled,16,160,2,0.0125,0.0,0.029715499920130114,0.3,1.0,8.142945123836398
dla_parity,n4_odd_signal,4,0001,6,parity_survival,readout_biased_1p5pct,0.004,0.002,0.015,True,physics_feature_disabled,17,160,3,0.01875,0.0,0.03976776592254752,0.3625,1.0,9.41765308380127
dla_parity,n4_odd_signal,4,0001,6,parity_survival,readout_biased_1p5pct,0.004,0.002,0.015,True,physics_feature_disabled,18,160,2,0.0125,0.0,0.029715499920130114,0.36875,1.0,9.231664938852191
dla_parity,n4_odd_signal,4,0001,6,parity_survival,readout_biased_1p5pct,0.004,0.002,0.015,True,physics_feature_disabled,19,160,4,0.025,0.0008081883687889174,0.049191811631211085,0.33125,1.0,10.20216615870595
